as_name,Count
"DigitalOcean, LLC",2418
"Tencent Building, Kejizhongyi Avenue",2269
Shenzhen Tencent Computer Systems Company Limited,1265
CHINANET-BACKBONE,772
"Alibaba (US) Technology Co., Ltd.",552
OVH SAS,489
China Telecom (Group),354
CHINA UNICOM China169 Backbone,332
Korea Telecom,321
Microsoft Corporation,268
"Hangzhou Alibaba Advertising Co.,Ltd.",234
HostPapa,227
AEZA INTERNATIONAL LTD,199
PT Cloud Hosting Indonesia,197
Cloud Computing Corporation,189
Contabo GmbH,185
Google LLC,185
UCLOUD INFORMATION TECHNOLOGY (HK) LIMITED,173
YISU CLOUD LTD,165
"Beijing Volcano Engine Technology Co., Ltd.",160
"China Mobile Communications Group Co., Ltd.",153
"Beijing Baidu Netcom Science and Technology Co., Ltd.",150
"IDC, China Telecommunications Corporation",145
CT-HangZhou-IDC,135
Telstra Limited,120
TELEFÔNICA BRASIL S.A,116
PT Telekomunikasi Indonesia,113
UNINET,112
Oracle Corporation,103
"Amazon.com, Inc.",98
China Telecom,95
Viettel Group,88
CHINANET SHAANXI province Cloud Base network,86
CHINANET Guangdong province network,81
China Mobile communications corporation,81
Data Communication Business Group,80
China Unicom Beijing Province Network,78
Hetzner Online GmbH,71
PJSC Rostelecom,70
Stiftung Erneuerbare Freiheit,69
"Comcast Cable Communications, LLC",68
SK Broadband Co Ltd,66
IONOS SE,64
Viettel Corporation,62
Kingsoft cloud corporation limited,61
TM TECHNOLOGY SERVICES SDN. BHD.,60
VNPT Corp,60
Akamai Connected Cloud,59
LG DACOM Corporation,57
Telecom Argentina S.A.,55
,54
LG POWERCOMM,53
National Internet Backbone,53
FranTech Solutions,52
CHINANET SiChuan Telecom Internet Data Center,51
Noyan Abr Arvan Co. ( Private Joint Stock),50
"GoDaddy.com, LLC",50
VIETNAM POSTS AND TELECOMMUNICATIONS GROUP,49
Asre Dadeha Asiatech,48
Telecom Italia S.p.A.,47
SCALEWAY S.A.S.,47
"Bharti Airtel Ltd., Telemedia Services",47
HKT Limited,45
Deutsche Telekom AG,42
Telefonica de Argentina,40
Vilas Internet Services Pvt Ltd,39
Telmex Colombia S.A.,39
BHARTI Airtel Ltd.,39
MULTACOM CORPORATION,38
China Telecom Beijing Tianjin Hebei Big Data Industry Park Branch,36
Green Web Samaneh Novin PJSC,36
Megacore Technology Company Limited,36
CTG Server Limited,36
CGI GLOBAL LIMITED,36
CHINANET Hubei province network,35
Fuzhou,35
Vodafone GmbH,35
UNMANAGED LTD,33
ALGAR TELECOM S/A,33
STARK INDUSTRIES SOLUTIONS LTD,32
Charter Communications Inc,32
Reliance Jio Infocomm Limited,31
Claro NXT Telecomunicacoes Ltda,31
University of Energy and Natural Resources,29
"GMO Internet Group, Inc.",29
PLAY2GO INTERNATIONAL LIMITED,29
Gigabit Hosting Sdn Bhd,29
CT-HuNan-Changsha-IDC,28
"Network Solutions, LLC",27
Tele2 Sverige AB,27
Huawei Cloud Service data center,27
Cloud Host Pte Ltd,26
JSC Selectel,26
Atria Convergence Technologies Pvt. Ltd. Broadband Internet Service Provider INDIA,26
"JSC ""ER-Telecom Holding""",26
12651980 CANADA INC.,25
"""Uzbektelekom"" Joint Stock Company",25
FPT Telecom Company,25
UAB Host Baltic,24
"Nubes, LLC",24
TimeWeb Ltd.,24
Entel S.A. - EntelNet,23
WIND TRE S.P.A.,23
CNSERVERS LLC,23
"High Family Technology Co., Limited",23
Orange S.A.,23
"AT&T Services, Inc.",23
Private Layer INC,22
IT7 Networks Inc,22
Ethio Telecom,22
"PJSC ""Vimpelcom""",22
"Cloudflare, Inc.",22
"Zhengzhou Fastidc Technology Co.,Ltd.",21
NEEVAI SUPERCLOUD PVT LTD,21
TECHOFF SRV LIMITED,21
Hulum Almustakbal Company for Communication Engineering and Services Ltd,21
PT. EXABYTES NETWORK INDONESIA,21
PT iForte Global Internet,21
PS Internet Company LLP,21
EMIRATES TELECOMMUNICATIONS GROUP COMPANY (ETISALAT GROUP) PJSC,21
HUAWEI CLOUDS,21
Free SAS,20
Unified Layer,20
"GMO-Z com NetDesign Holdings Co., Ltd.",20
Philippine Long Distance Telephone Company,20
The Infrastructure Group B.V.,19
Red Cientifica Peruana,19
COLOMBIA TELECOMUNICACIONES S.A. ESP BIC,19
Contabo Asia Private Limited,19
Asiatech Data Transmission company,19
China Networks Inter-Exchange,19
"CANTV Servicios, Venezuela",19
Zenlayer Inc,19
"NTT America, Inc.",18
Web Werks India Pvt. Ltd.,18
MEO - SERVICOS DE COMUNICACOES E MULTIMEDIA S.A.,18
V tal,18
The Calyx Institute,17
WEBYNE DATA CENTRE PRIVATE LIMITED,17
TELEFONICA DE ESPANA S.A.U.,17
Mobile Business Group,17
"CHINATELECOM Guangxi Nanning IDC networkdescr: Nanning , Guangxi Province, P.R.China.",17
Telia Company AB,17
Hong Kong Broadband Network Ltd.,17
UNE EPM TELECOMUNICACIONES S.A.,17
TE-AS,17
Ishan's Network,17
cheapy.host LLC,16
Telefonica Germany GmbH & Co.OHG,16
Telecel S.A.,16
Chang Way Technologies Co. Limited,16
DIGI SPAIN TELECOM S.L.,16
BIZNET NETWORKS,16
Orange Espagne SA,16
Sefroyek Pardaz Engineering PJSC,16
EKABI,15
"Frontier Communications of America, Inc.",15
Triple T Broadband Public Company Limited,15
Space Exploration Technologies Corporation,15
dataforest GmbH,15
Orange Polska Spolka Akcyjna,15
CHINANET Jiangx province IDC network,15
Charter Communications,15
Scloud Pte Ltd,15
Bahnhof AB,15
"Telecommunications center UMOS, LLC",14
Afranet,14
"Bangmod Enterprise Co., Ltd.",14
Ote SA (Hellenic Telecommunications Organisation),14
RailTel Corporation of India Ltd,14
Telefónica Celular de Bolivia S.A.,14
Chongqing Telecom,14
"Namecheap, Inc.",14
Host Europe GmbH,14
Tata Teleservices ISP AS,14
Verizon Business,14
China Unicom Shanghai network,14
GLOBAL CONNECTIVITY SOLUTIONS LLP,14
PJSC MegaFon,14
netcup GmbH,14
Emerald Onion,13
GTHost,13
"Qingdao,266000",13
Office National des Postes et Telecommunications ONPT (Maroc Telecom) / IAM,13
Emirates Integrated Telecommunications Company PJSC,13
HGC Global Communications Limited,13
"Cloud Hosting Solutions, Limited.",13
M247 Europe SRL,13
HKBN Enterprise Solutions HK Limited,13
CHINATELECOM Jiangsu province Suzhou 5G network,13
Kakharov Orinbassar Maratuly,12
AS Number for CHINANET jiangsu province backbone,12
CMC Telecom Infrastructure Company,12
Techtel LMDS Comunicaciones Interactivas S.A.,12
Bell Canada,12
Sunrise GmbH,12
Kaopu Cloud HK Limited,12
"Luoyang, Henan Province, P.R.China.",12
Shandong Mobile Communication Company Limited,12
Fastweb SpA,12
MTS PJSC,12
Magyar Telekom plc.,12
TELUS Communications Inc.,12
Cox Communications Inc.,12
Pakistan Telecommunication Company Limited,12
Vietnam Online Network Solution Joint Stock Compnay,11
SURF B.V.,11
VIPTURBO COMÉRCIO & SERVIÇOS DE INFORMÁTICA LTDA,11
SMILESERV,11
QuadraNet Enterprises LLC,11
BEST INTERNET SOLUTION XK,11
Turunc Smart Bilgisayar Teknoloji Ve Dis Ticaret Limited Sirketi,11
Núcleo S.A.,11
Hosting Ukraine LTD,11
Proximus NV,11
AXS Bolivia S. A.,11
PT Aplikanusa Lintasarta,11
TOTAL PLAY TELECOMUNICACIONES SA DE CV,11
Vodafone Italia S.p.A.,11
Qinghai Telecom,11
SAKURA Internet Inc.,11
PE Skurykhin Mukola Volodumurovuch,11
"Oliver Horscht is trading as ""SYNLINQ""",11
CHINANET Nanjing Jishan IDC network,11
Societe Francaise Du Radiotelephone - SFR SA,11
"The Communication Authoity of Thailand, CAT",11
"JSC ""Ufanet""",11
Iran Telecommunication Company PJS,11
CHINATELECOM Jiangsu Suqian IDC network,10
"ChangLian Network Technology Co., Limited",10
LEAPSWITCH NETWORKS PRIVATE LIMITED,10
"JSC ""Ukrtelecom""",10
AROSSCLOUD INC.,10
A1 Telekom Austria AG,10
Palestine Telecommunications Company (PALTEL),10
Alsycon B.V.,10
NTT-ME Corporation,10
Telenor Norge AS,10
JSC IOT,10
ZAM LTDA.,10
HOSTING DUNYAM BILISIM TEKNOLOJILERI TICARET LIMITED SIRKETI,10
BitCommand LLC,10
TOT Public Company Limited,10
Cloudie Limited,10
Hostinger International Limited,10
Vaishnavi Online Internet Services Pvt. Ltd.,9
BKHOST TECHNOLOGY VIETNAM JOINT STOCK COMPANY,9
TIM S/A,9
British Telecommunications PLC,9
TTNET-MY,9
Telecentro S.A.,9
JSC RTComm.RU,9
Gujarat Telelink Pvt Ltd,9
True Online,9
Cablevision Systems Corp.,9
Turk Telekomunikasyon Anonim Sirketi,9
Pishgaman Toseeh Ertebatat Company (Private Joint Stock),9
UFINET PANAMA S.A.,9
Tose'h Fanavari Ertebabat Pasargad Arian Co. PJS,9
"Shanghai Blue Cloud Technology Co.,Ltd",9
China Unicom Guangdong IP network,9
I-SERVERS LTD,9
Telecom Algeria,9
Baykov Ilya Sergeevich,9
AMX Argentina S.A.,9
Netinternet Bilisim Teknolojileri AS,9
UNIFIQUE TELECOMUNICACOES S/A,9
FIRST SERVER LIMITED,9
Orbi Group 10 LTD,8
DGN TEKNOLOJI A.S.,8
Bangladesh Research and Education Network (BdREN),8
SmarTone Mobile Communications Ltd,8
"Eastern Telecoms Phils., Inc.",8
CS LOXINFO PUBLIC COMPANY LIMITED,8
OCTOPUS WEB SOLUTION INC,8
Converge ICT Solutions Inc.,8
NhanHoa Software company,8
Pars Parva System LLC,8
CS LOXINFO Public Company Limited.,8
VIET DIGITAL TECHNOLOGY LIABILITY COMPANY,8
JSC Kazakhtelecom,8
"Atria Convergence Technologies Ltd.,",8
C2M SERVICOS DE INFORMATICA E TELECOMUNICACOES,7
NAV COMMUNICATIONS SRL,7
Foreningen for digitala fri- och rattigheter,7
HeiLongJiang Mobile Communication Company Limited,7
Vodafone Hungary Ltd.,7
CHINANET NINGXIA province ZHONGWEI IDC network,7
Global-Data System IT Corporation,7
Yunify Technologies Inc.,7
Hostodo,7
Branch of Long Van System Solution JSC - Hanoi,7
Yandex.Cloud LLC,7
Long Van Soft Solution JSC,7
Univision LLC,7
"Parsian Technology Innovative Solution Co., PJS.",7
"Mega Cable, S.A. de C.V.",7
Kirino LLC,7
"Interserver, Inc",7
FlokiNET ehf,7
HOSTKEY B.V.,7
"Net Uno, C.A.",7
Sri Lanka Telecom Internet,7
VODAFONE ESPANA S.A.U.,7
A1 Hrvatska d.o.o.,7
"""Domain names registrar REG.RU"", Ltd",7
Tata Teleservices Maharashtra Ltd,7
Desktop Sigmanet Comunicação Multimídia SA,7
GIG@NET SOCIEDAD ANONIMA,7
Bredband2 AB,7
Swisscom (Schweiz) AG,7
CtrlS,7
FASTNET DATA INC,7
"The Constant Company, LLC",7
SBN-ISP/AWN-ISP and SBN-NIX/AWN-NIX,7
Videotron Ltee,7
Sony Network Communications Inc.,7
HEXATOM s.a.r.l.,6
"Beijing Kingsoft Cloud Internet Technology Co., Ltd",6
Universitas PGRI Semarang,6
Telecom Armenia OJSC,6
Google Fiber Inc.,6
Universidad Nacional Autonoma de Mexico,6
Iran Cell Service and Communication Company,6
SOCIETE NATIONALE DES TELECOMMUNICATIONS (Tunisie Telecom),6
LIENVPS TECHNOLOGY COMPANY LIMITED,6
"Far EastTone Telecommunication Co., Ltd.",6
JOBKEY JOINT STOCK COMPANY,6
Symphony Communication (Thailand) PCL.,6
CONA HOSTING SDN BHD,6
Zambia Research and Education Network (ZAMREN),6
Orion Network Limited,6
CPS,6
Railnet LLC,6
"Henan Mobile Communications Co.,Ltd",6
Telefonica del Peru S.A.A.,6
Vodafone Portugal - Communicacoes Pessoais S.A.,6
1984 ehf,6
SONATEL-AS Autonomous System,6
Safaricom Limited,6
AmberIT Limited,6
EOLO S.p.A.,6
Hengyang,6
AIS Fibre,6
rainbow network limited,6
Telenet BV,6
Mobinet LLC. AS Mobinet Internet Service Provider,6
Alliance Broadband Services Pvt. Ltd.,6
GB Network Solutions Sdn. Bhd.,6
EDPNET Belgium BV,6
Companhia de Telecomunicacoes de Macau SARL,6
WIN EMPRESAS S.A.C.,6
Shaw Communications Inc.,6
Compañía Dominicana de Teléfonos S. A.,6
CTGNet,6
KPN B.V.,6
Optimum,6
Windstream Communications LLC,6
CAT Telecom Public Company Limited,6
"Consolidated Communications, Inc.",6
Partner Communications Ltd.,6
PT Mora Telematika Indonesia,6
SERVERS TECH FZCO,6
"Limestone Networks, Inc.",6
Aeza Group Ltd.,6
DoraTelekom,5
Cilnet Comunicação e Informática S.A.,5
H2NEXUS LTD,5
LP TECHNOLOGY ELECTRONIC COMMERCE COMPANY LIMITED,5
Emanuel Hosting Ltd.,5
GRAMEEN COMMUNICATIONS,5
Hydra Communications Ltd,5
GRUPO ZGH SPA,5
CENTRAL SOLUTIONS TECHNOLOGY S.R.L.,5
Forening for DotSrc,5
Dehradun Enet Solutions Private Ltd,5
Proton66 OOO,5
Ekowebtech It Services Pvt Ltd,5
Quanzhou,5
China Unicom,5
DREAMMARK1,5
"Incomparable(HK)Network Co., Limited",5
PJSC Moscow city telephone network,5
Rede Nacional de Ensino e Pesquisa,5
PT. Menaksopal Link Nusantara,5
AZZA TELECOM SERVIÇOS EM TELECOMUNICAÇÕES LTDA,5
Ligga Telecomunicações S.A.,5
SoftBank Corp.,5
"Nepal Telecommunications Corporation, Internet Services,",5
Byteplus Pte. Ltd.,5
Thien Quang Digital technology joint stock company,5
Hosting technology LTD,5
NTT Communications Corporation,5
Orange Romania S.A.,5
"New Century InfoComm Tech Co., Ltd.",5
VEE TIME CORP.,5
INDOSAT Internet Network Provider,5
Pars Shabakeh Azarakhsh LLC,5
1337 Services GmbH,5
CHINANET Yunnan province IDC1 network,5
Mobile Telecommunication Company Saudi Arabia Joint-Stock company,5
NetLab Global,5
aurologic GmbH,5
"JSC ""Silknet""",5
Wana Corporate,5
Amarutu Technology Ltd,5
ETB - Colombia,5
Wholesail networks LLC,5
Webico Company Limited,5
KDDI CORPORATION,5
"Alestra, S. de R.L. de C.V.",5
"Kamatera, Inc.",5
Bouygues Telecom SA,5
Joint Stock Company TransTeleCom,5
"Shanghai Mobile Communications Co.,Ltd.",5
WIIT AG,5
ODS Joint Stock Company,5
Globe Telecom Inc.,5
Bach Kim Network solutions Join stock company,5
Cogent Communications,5
Baxet Group Inc.,5
Syrian Telecommunication Private Closed Joint Stock Company,5
"Level 3 Parent, LLC",5
Cyber Internet Services (Pvt) Ltd.,5
China Unicom IP network China169 Guangdong province,5
Pfcloud UG,5
PT INDONESIA COMNETS PLUS,5
Botswana Telecommunications Corporation,4
KAGOYA JAPAN Inc.,4
HostRush,4
Dhaka Online,4
PT. Inet Global Indo,4
Atlantis Telekomunikasyon Bilisim Hizmetleri San. Tic. Ltd,4
IDATA TECHNOLOGY SOLUTIONS COMPANY LIMITED,4
Hondutel,4
htp GmbH,4
CloudFerro S.A,4
E-life Paraguay S.A.,4
NGSAS NedaGostarSaba,4
"DediOutlet, LLC",4
INTERDIGI JOINT STOCK COMPANY,4
PT. GARUDA PRIMA INTERNETINDO,4
Mobile TeleSystems JLLC,4
TANZANIA TELECOMMUNICATIONS CO. LTD,4
Hawe Telekom S.A. in Restructuring,4
Virgo Communication Ltd,4
Xserver Inc.,4
Code Technology,4
Windstream Communication Limited,4
AT&T Mobility LLC,4
Reload Company Limited,4
CTC. CORP S.A. (TELEFONICA EMPRESAS),4
"PERN AS Content Servie Provider, Islamabad, Pakistan",4
Cogeco Connexion Inc.,4
TalkTalk Communications Limited,4
MEVSPACE sp. z o.o.,4
Rasaneh Avabarid Private Joint Stock Company,4
Vodafone Data,4
SOCIETE BENINOISE D'INFRASTRUCTURES NUMERIQUES,4
Privex Inc.,4
Mario Networks Limited,4
Dade Pardazi Mobinhost Co LTD,4
Binariang Berhad,4
State Company of Electro Communications Turkmentelecom,4
Companhia Itabirana Telecomunicações Ltda,4
"tzulo, inc.",4
Data Hub Pvt. Ltd.,4
Websurfer Nepal Internet Service Provider,4
Excitel Broadband Private Limited,4
Tcloudnet,4
Lanit Technology and Communication Joint Stock Company,4
MobileOne Ltd. Mobile/Internet Service Provider Singapore,4
Vodafone Libertel B.V.,4
MyRepublic Ltd.,4
HK Broadband Network Ltd.,4
ENTEL CHILE S.A.,4
"Haerbing , Heilongjiang Province, P.R.China.",4
GLOBAL INTERNET SOLUTIONS LLC,4
WIND NET S.A.,4
PDR,4
Signet B.V.,4
Link Egypt (Link.NET),4
CHINANET Fujian province Fuzhou IDC network,4
MOACK.Co.LTD,4
Latitude.sh,4
TPG Telecom Limited,4
China Unicom Shenzen network,4
"JSC ""RU-CENTER""",4
"Ansheng Network Technology Co., Limited",4
Nybula LLC,4
Internet Thailand Company Limited,4
Virgin Media Limited,4
National WiMAX/IMS environment,4
Eonix Corporation,4
"GALAXYGATE, LLC",4
BlazeNet's Network,4
EMPRESAS MUNICIPALES DE CALI E.I.C.E. E.S.P.,4
Gtd Internet S.A.,4
China Mobile Communicaitons Corporation,4
VPSTTT COMPUTER COMPANY LIMITED,4
"CABLE ONE, INC.",4
TurkNet Iletisim Hizmetleri A.S.,4
Rackspace Hosting,4
Respina Networks & Beyond PJSC,4
Nearoute Limited,4
VIETSERVER SERVICES TECHNOLOGY COMPANY LIMITED,4
ColocationX Ltd.,4
MT FINANCE LLC,4
BL Networks,4
Multinet Pakistan Pvt. Ltd.,4
Telefonica del Sur S.A.,4
TOPNET,4
Akari Networks,4
LLC Baxet,4
VERO S.A,4
T-Mobile Austria GmbH,4
ZTV CORP LLC,4
Fanavaran Mehr Vatan Tehran Server Group LLC,4
Sify Limited,4
AIRE NETWORKS DEL MEDITERRANEO SL UNIPERSONAL,4
CLOUDI NEXTGEN SL,4
Layerstack Limited,4
DpkgSoft International Limited,4
A1 Bulgaria EAD,4
Cable Onda,4
PT Biznet Gio Nusantara,4
QNAX LTDA,4
Laser Company Ltd,4
CITTA TELECOM LTDA,3
Netiface LLC,3
"Majestic Hosting Solutions, LLC",3
"GNET Co.,Ltd Internet Service Provider Mongolia",3
AKNetworks,3
UFO Network Limited,3
Pixelrevs Pvt. Ltd.,3
DATAPARADISE,3
Javid Berbid Mamasani Information Technology Company PJS,3
Unitary enterprise A1,3
Internet Utilities Europe and Asia Limited,3
LLC VK,3
Horizons Telecomunicações e Tecnologia S.A.,3
R.R.COMUNICAÇÃO & MULTIMIDIA EIRELI,3
Enter Telecom,3
home.pl S.A.,3
Uganda Telecom,3
Gcc Cloud Technology Limited,3
ab stract ltd,3
Huashu media&Network Limited,3
H M COMMUNICATION,3
Dinas Komunikasi dan Informatika Kota Makassar,3
RG SILVEIRA LTDA,3
ColoUp,3
Defferrari Solucoes em Internet Ltda,3
ALLO TECHNOLOGY SDN. BHD.,3
UNITED TELECOMS LIMITED,3
Novus Network,3
Systematica LLC,3
Tanzania Education And Research Network,3
HANA,3
HK Cable TV Ltd,3
INFOTEC CENTRO DE INVESTIGACION E INNOVACION EN TECNOLOGIAS DE LA INFORMACION Y COMUNICACION,3
"Emagine Concept, Inc.",3
IDIGITALCAMP WEB SERVICES,3
Astha Networks,3
GALANET SOLUTION C.A.,3
ServeTheWorld AS,3
kbro CO. Ltd.,3
Long Van System Solution JSC,3
Batelco Jordan,3
MEDITELECOM,3
OLIMP LLC,3
DAOU TECHNOLOGY,3
"JINX CO., LIMITED",3
RAHKAR PARDAZESH KHAVARMIANEH PJSC,3
Hathway IP Over Cable Internet,3
ONEOTT INTERTAINMENT LIMITED,3
velia.net Internetdienste GmbH,3
Novotelecom Ltd,3
Ewebguru,3
Micro Hosting Private Limited,3
CHINATELECOM Jiangsu province Changzhou 5G network,3
Tier 4 Cloud Services,3
FLYTEC TELECOM SOCIEDAD ANONIMA,3
CLARO S.A.,3
UNINET-TH,3
Digital United Inc.,3
Aljeel Aljadeed For Technology,3
PT Media Sarana Data,3
MilesWeb Internet Services Pvt Ltd,3
Sichuan Chuanxn IDC,3
Tiscali Italia S.P.A.,3
MAISHA NET,3
Canal + Telecom SAS,3
PT SELARAS CITRA TERABIT,3
WideOpenWest Finance LLC,3
BDCOM Online Limited,3
"HostDime.com, Inc.",3
Mizban Dadeh Iranian Co. (Ltd),3
E-Light-Telecom Ltd.,3
PT. Eka Mas Republik,3
Aussie Broadband,3
Prostie Reshenia LLC,3
Rainbow communications India Pvt Ltd,3
Association HOLYCLOUD,3
Osirnet Info Telecom Ltda.,3
Research and Education Network for Uganda,3
Quadrant Televentures Limited,3
Mainone Cable Company,3
ServerAstra Kft.,3
"PHOENIX NAP, LLC.",3
DATAWING LIMITED,3
Wefe Technology Pvt Ltd,3
Hosteons Pte. Ltd.,3
National Infrastructures for Research and Technology S.A.,3
Dialog Axiata PLC.,3
Onehostplanet s.r.o.,3
AIRNET llc,3
Des Capital B.V.,3
Hostway IDC,3
FBW NETWORKS SAS,3
Tikona Infinet Ltd.,3
Internet Magnate (Pty) Ltd,3
Host Africa (Pty) Ltd,3
"INTERDNESTRKOM, Sovmestnoe Zakrytoe Aktsionernoe Obshchestvo",3
1&1 Versatel Deutschland GmbH,3
Telconet S.A,3
Stargate Communications Ltd.,3
"NINGBO, ZHEJIANG Province, P.R.China.",3
XNNET LLC,3
Globe Telecoms,3
Vocus Retail,3
Myanma Posts and Telecommunications,3
Sharif University Of Technology,3
TURKCELL ILETISIM HIZMETLERI A.S.,3
CORPORACION NACIONAL DE TELECOMUNICACIONES - CNT EP,3
VECTRA S.A.,3
Aruba S.p.A.,3
Aria Shatel PJSC,3
LG HelloVision Corp.,3
Ucom CJSC,3
O.M.C. COMPUTERS & COMMUNICATIONS LTD,3
Ferdinand Zink trading as Tube-Hosting,3
"Packet Host, Inc.",3
Adman LLC,3
Systems Solutions & development Technologies Limited,3
TBC,3
"CHINATELECOM JiangSu YangZhou IDC networkdescr: YangZhou , Jiangsu Province, P.R.China.",3
NLS Kazakhstan LLC,3
Amir Hosein Maaref,3
"NTT PC Communications, Inc.",3
Software Technology Parks of India,3
AS Number for Interdomain Routing,3
IOMART CLOUD SERVICES LIMITED,3
Jusan Mobile JSC,3
UIH,3
"Siamdata Communication Co.,Ltd.",3
Melbikomas UAB,3
"CDS Global Cloud Co., Ltd",3
China Unicom IP network,3
Precious netcom pvt ltd,3
"AVATEL TELECOM, SA",3
"""Cloud Technologies"" LLC trading as Cloud.ru",3
Open Fiber S.P.A.,3
Sky UK Limited,3
Republican Unitary Telecommunication Enterprise Beltelecom,3
T-Systems International GmbH,3
Pelephone Communications Ltd.,3
NSS S.A.,3
"T-Mobile USA, Inc.",3
Red Intercable Digital S.A.,3
"Charter Communications, Inc",3
Biznet ISP,3
Hostwinds LLC.,3
"EZECOM CO., LTD.",3
Gostaresh Ertebat Azin Kia Company PJSC,3
INTERNATIONAL HOSTING COMPANY LIMITED,3
TATA Communications formerly VSNL is Leading ISP,3
"HONG KONG KOWLOON TELECOMMUNICATIONS CO.,LIMITED",3
"O2 Czech Republic, a.s.",3
Mauritius Telecom Ltd,3
SkyNet Ltd.,3
Hostiran Network,3
"HostHatch, LLC",3
YOTTA NETWORK SERVICES PRIVATE LIMITED,3
ROMARG SRL,3
Hot-Net internet services Ltd.,3
FanAvaran Mihan Mizban PJSC,3
Vodafone Czech Republic a.s.,3
Plusnet GmbH,3
ETISALAT MISR,3
PT. Kreasi Sejahtera Teknologi,2
"Television Internacional, S.A. de C.V.",2
"Nexeon Technologies, Inc.",2
"TECNOLOGIA DIGITAL, S.A. (DGTEC)",2
Reunicable SAS,2
"Martin Prager trading as ""NbIServ""",2
Denis Pavlovich Semenyuk,2
KUBAN-TELECOM Ltd.,2
VISALINK SERVICOS DE COMUNICACAO LTDA.,2
Asia Web Service Ltd,2
China Telecom Global Limited,2
Helios IT Infrasolutions Pvt Ltd,2
MEGADATA-ISP,2
"ANLIAN NETWORK TECHNOLOGY CO., LIMITED",2
Reis Network Solutions,2
PT Cubiespot Pilar Data Nusantara,2
RUPGANJ ONLINE,2
HostSlim B.V.,2
OPEN PROCESSAMENTO DE DADOS LTDA,2
MUNICIPALIDAD DE MALAGUEÑO,2
TOTUS TELECOMUNICAÇÕES LTDA,2
Rogers Communications Canada Inc.,2
CAMTEL,2
AMERICATEL PERU S.A.,2
Agni Systems Limited,2
Locaweb Serviços de Internet S/A,2
Telnet Communication Limited Network and Transit Service Provider. Having Nationwide MPLS Network For Internet and Data Connectivity Through Telnets Own Network Infrastructure,2
AL-HADATHEH LIL-ITISALAT WA AL-TECHNOLOGIA CO.,2
SDEC,2
Blue Sky Broadband Pvt. Ltd.,2
C32 Broadband Pvt. Ltd.,2
Antbox Networks Limited,2
Universitas Pembangunan Nasional 'Veteran' Jakarta,2
Shabakeh Ertebatat Artak Towseeh PJSC,2
Open Solutions Ltd.,2
"Taiwan Fixed Network, Telco and Network Service Provider.",2
Orange Slovensko a.s.,2
LGTELECOM,2
Superonline Iletisim Hizmetleri A.S.,2
Korbank S. A.,2
Host SpA,2
Guangdong,2
GMO-Z.com Runsystem Joint Stock Company,2
"WUZHOUHULIAN INTERNATIONAL CO., LIMITED",2
Dinas Komunikasi dan Informatika Banjarnegara,2
ANZIX Joint Stock Company,2
KnownSRV Ltd.,2
Universidad Nacional de General Sarmiento,2
KSNET EIRELI - ME,2
Universo Online S.A.,2
Cable & Wireless Panama,2
ZetServers,2
CTC ASTANA LTD,2
GIBIRNET ILETISIM HIZMETLERI SANAYI VE TICARET LIMITED SIRKETI,2
LLC INFERIT,2
"CARRARO, HAINOSZ & CIA LTDA - ME",2
Optimum Telecom Algeria,2
Al Madar Al Jadeed Joint Stock Company,2
GLOBALCONNECT AS,2
Linknet ASN,2
Hosting Solution Ltd.,2
Hebei Mobile Communication Company Limited,2
CST SERVIÇOS DE INFORMÁTICA E CALL CENTER LTDA.,2
Airtel Networks Kenya Limited,2
SINTNET-TELECOMUNICACOES E INFORMATICA LTDA,2
SonderCloud Limited,2
Cloud Computing HK Limited,2
BACK WAVES LIMITED,2
Private-Hosting di Cipriano oscar,2
"T.V ZAMORA, C.A.",2
KIFU (Governmental Info Tech Development Agency),2
RADIOGRAFICA COSTARRICENSE,2
Philippine Global Communications Corporation,2
NTT COMMUNICATIONS INDIA NETWORK SERVICES PRIVATE LIMITED,2
Cable ISP in India,2
Telenor Sverige AB,2
Aftab IT Limited.,2
VTC-VN,2
UG-TELECOM Ltd.,2
Individual Entrepreneur Anton Levin,2
TRIPLE PLAY BROADBAND PRIVATE LIMITED,2
Hurricane Electric LLC,2
America Movil Peru S.A.C.,2
DOLPHIN TELECOMMUNICATION LIMITED,2
PT. Inova Duapuluh Duapuluh,2
Vodafone Idea Ltd,2
Zencurity ApS,2
Shaanxi Mobile Communication Company Limited,2
BHARAT DATACENTER,2
GIZA NETWORK LIMITED,2
IT WEB LTD,2
Cloud Company for General Services Ltd,2
Cloud Solutions LLC,2
BRMOM CONSTRUINDO CONEXOES LTDA,2
FAMNET TELECOM PROVEDORES DE ACESSO LTDA,2
T-Mobile Polska S.A.,2
Angola Comunicacoes & Systems LDA,2
NTX Technologies s.r.o.,2
ITCI Corporation,2
CV Atha Media Prima,2
AZ VIET NAM COMMUNICATIONS TECHNOLOGY COMPANY LIMITED,2
CityNet LTD,2
V W INTERNET,2
Euskaltel S.A.,2
Mahanagar Telephone Nigam Limited,2
Nebula Global LLC,2
BOLIGNET-AARHUS F.M.B.A.,2
Ranks Telecom Limited,2
"INTERLINK TECHNOLOGY, PT",2
SCTV Tower - Senayan City,2
141-143 Maulana Shaukat Ali Road,2
Gutkin Vladyslav,2
Pemerintah Kabupaten Cirebon,2
TEKNIX CLOUD TECHNOLOGY INFRASTRUCTURE JOINT STOCK COMPANY,2
VUENOW INFRATECH LIMITED,2
VIETTEL PERÚ S.A.C.,2
Softnet Technologies Limited,2
Telecom Cambodia,2
"A1 Slovenija telekomunikacijske storitve,d.d.",2
DataWagon LLC,2
ARSAT - Empresa Argentina de Soluciones Satelitales S.A.,2
Vayutel Technology Services Private Limited,2
Writer Business Services Private Limited,2
DIGI SUCCESS SERVICE COMPANY LIMITED,2
Epinatura LLC,2
FOP Hornostay Mykhaylo Ivanovych,2
Cactos Hospedagem LTDA,2
Taiwan Academic Network (TANet) Information Center,2
ARNES,2
Telstra Global,2
Vivacom Bulgaria EAD,2
EWE TEL GmbH,2
Next Online Limited.,2
Dimension Data,2
Netia SA,2
JSC Comcor,2
wilhelm.tel GmbH,2
"Operbes, S.A. de C.V.",2
"InMotion Hosting, Inc.",2
PT. Power Telecom Indonesia,2
Media Commerce Partners S.A,2
Linktel Telecom do Brasil Ltda,2
Altibox AS,2
"WholeSale Internet, Inc.",2
SEACOM Limited,2
ANGKOR DATA COMMUNICATION,2
"NextGenWebs, S.L.",2
Angelnet Limited,2
JSC Mediasoft ekspert,2
JasTel Network,2
Hostopia Australia Web Pty Ltd,2
Hyperoptic Ltd,2
Intech Online Private Limited,2
PT Arsenet Global Solusi,2
U.P. COMMUNICATION SERVICES PVT LTD,2
Ani Network Pvt Ltd,2
HK Kwaifong Group Limited,2
LANDUPS LIMITED,2
HostLAB Bilisim Teknolojileri A.S.,2
Collin Schneeweiss trading as Unesty Company,2
INET Communication,2
Tyna Host - Datacenter no Brasil,2
"PRIVATE JOINT STOCK COMPANY ""DATAGROUP""",2
"ELIMNET, INC.",2
PT Cyberindo Aditama,2
Accenture B. V.,2
CONTENT DELIVERY NETWORK LTD,2
"Buckeye Cablevision, Inc.",2
"TELECOMUNICACIONES DE GUATEMALA, SOCIEDAD ANONIMA",2
Excell Media Information Cell,2
IFX Corporation,2
Vogel Soluções em Telecom e Informática S/A,2
Delta Telecom Ltd,2
Liquid Telecommunications Ltd,2
Novoe Kabelnoe Television Ltd.,2
StarNet Solutii SRL,2
"Forewin Telecom Group Limited, ISP at HK",2
Sat-Trakt D.O.O.,2
SIA VEESP,2
SOLLUTIUM EU Sp z.o.o.,2
Hostcenter,2
NKN Core Network,2
BEDGE CO LIMITED,2
"CAT TELECOM Public Company Ltd,CAT",2
VIZAG BROADCASTING COMPANY PVT. LTD,2
TATA PLAY BROADBAND PRIVATE LIMITED,2
China Mobile Group JiLin communications corporation,2
Falconet Internet Pvt.ltd.,2
"Cloudflare London, LLC",2
Datacamp Limited,2
ARTERIA Networks Corporation,2
"PRIVATE JOINT-STOCK COMPANY ""FARLEP-INVEST""",2
INEA sp. z o.o.,2
CETIN Ltd. Belgrade,2
MUNDIVOX DO BRASIL LTDA,2
Sony Network Taiwan Limited,2
Kar-Tel LLC,2
Alphalink SASU,2
"PJSC ""TATTELECOM""",2
Globacom Limited,2
Lanet Network Ltd,2
GleSYS AB,2
Netsec Limited,2
"A2 Hosting, Inc.",2
PT Jala Lintas Media,2
PT Parsaoran Global Datatrans,2
Intercom LLC,2
Jiangsu Wuxi International IDC network,2
SPACECORE SOLUTION LTD,2
nexserv GmbH,2
IP Volume inc,2
OXIO,2
Red de Interconexion Universitaria,2
Retelit Digital Services S.p.A.,2
"VODAFONE ONO, S.A.",2
MAXnet Systems Ltd.,2
KINX,2
"Lao Telecom Communication, LTC",2
ASN for TIANJIN Provincial Net of CT,2
SK Telecom,2
Malaysian Research & Education Network,2
Telone PVT Ltd,2
ISP/IXP IN CAMBODIA WITH THE BEST VERVICE IN THERE.,2
YOKOZUNANET LLC,2
IQ Networks for Data and Internet Services Ltd,2
Asre Pardazeshe Ettelaate Amin Institute,2
Triple C Cloud Computing Ltd.,2
"AXARNET COMUNICACIONES, S.L.",2
"Global Technology Co., Ltd.",2
Dolphin 1337 Limited,2
BRASIL TECPAR | AMIGO | AVATO,2
UNI TELECOM LTDA,2
"CenturyLink Communications, LLC",2
"Telekom Slovenije, d.d.",2
LLC SETEL,2
"Namincheon Brodcasting Co., Ltd.",2
Zen Internet Ltd,2
LocalTel Communications,2
ADISTA SAS,2
DIGI Tavkozlesi es Szolgaltato Kft.,2
Dattatec.com,2
Comteco Ltda,2
GigeNET,2
Neterra Ltd.,2
Net at Once Sweden AB,2
Integrated Telecom Co. Ltd,2
TV CABO ANGOLA LDA,2
Kenya Education Network,2
Sharktech,2
Mobin Net Communication Company (Private Joint Stock),2
STC BAHRAIN B.S.C CLOSED,2
CORPICO LTDA,2
SYSTEMA Ltd,2
Scalaxy B.V.,2
VpsQuan L.L.C.,2
TOPWAY GLOBAL LIMITED,2
NET FOR CHOICE,2
"WENZHOU, ZHEJIANG Province, P.R.China.",2
Shreenortheast Connect And Services Pvt Ltd,2
VCORE,2
SUNUCUN BILGI ILETISIM TEKNOLOJILERI VE TICARET LIMITED SIRKETI,2
MHNET TELECOM,2
"NOS COMUNICACOES, S.A.",2
Daisy Corporate Services Trading Ltd,2
CHINA UNICOM Industrial Internet Backbone,2
UNION BROADBAND NETWORK,2
Overcasts Limited,2
1 GRID (PTY) LTD,2
MAGIT'ST SRL,2
Newserverlife LLC,2
K2 Integration JSC,2
iTools JSC,2
Host Universal Pty Ltd,2
"TRUE INTERNET Co.,Ltd.",2
"Servers.com, Inc.",2
Init7 (Switzerland) Ltd.,2
T-Mobile Czech Republic a.s.,2
YOU Broadband & Cable India Ltd.,2
eSited Solutions,2
"Asia Pacific Broadband Fixed Lines Co., Ltd.",2
PT NettoCyber Indonesia,2
DB3 SERVICOS DE TELECOMUNICACOES S.A,2
Digicel Jamaica,2
SkyLink Data Center BV,2
NEXTGEN COMMUNICATIONS SRL,2
CLDIN B.V.,2
LEASEWEB HONG KONG LIMITED,2
"BrainStorm Network, Inc",2
Giti Secure Cloud LLC,2
Kamatera Inc,2
IncogNET LLC,2
Taylan Gueler trading as Soliaweb,2
Iron Hosting Centre LTD,2
Asahi Net,2
Plusnet,2
Bezeq International Ltd.,2
"Megacable Comunicaciones de Mexico, S.A. de C.V.",2
"UAB ""Baltnetos komunikacijos""",2
Hotwire Communications,2
"Cisco OpenDNS, LLC",2
Fanava Group,2
"Shanghai Information Network Co.,Ltd.",2
Florian Kolb,2
HanMing HK Limited,2
Ired Internet Ltda,2
China Education and Research Network Center,2
Seokyung Cable Television Co.. Ltd.,2
PT. Uninet Media Sakti (ISP),2
Cleura AB,2
MilkyWan Association,1
BEKKOAME INTERNET INC.,1
Microplex PTY LTD,1
Hrvatski Telekom d.d.,1
Interhop Network SERVICES Inc.,1
SEWAN SAS,1
"""ElCat"" Ltd.",1
IncoNet Data Management sal,1
Cogeco Connexion inc,1
Vox Telecom Ltd,1
COTELCAM,1
Krystal Hosting Ltd,1
Equinix (EMEA) Acquisition Enterprises B.V.,1
Servicios de Hosting en Internet S.A.,1
HKBN Enterprise Solutions Limited,1
NetLan Ltd.,1
Gostaresh Dade AKO Fanavaran Co LLC,1
"National Telecommunication Corporation HQ,",1
WiCAM Corporation Ltd.,1
Bijoy Online Ltd. Multihome Internet Service Provider,1
Transfer Ltd,1
"TVCABO - Comunicacoes Multimedia, Lda",1
IBW Communications,1
Redes y Telecomunicaciones,1
Predlink Rede de Telecomunicções Ltda,1
TATA Communications (Canada) Ltd.,1
TELECABEL PLC,1
ipNX Nigeria Limited,1
Ideal Hosting Teknoloji A.S.,1
ASSERTIVENET,1
Niko-2001 LLC,1
IS InternetSolutions Limited,1
Innsbrucker Kommunalbetriebe AG,1
"Liquid Web, L.L.C",1
SingleHop LLC,1
Atman Sp. z o.o.,1
Vyve Broadband,1
RSAWEB (PTY) LTD,1
Econet - Leo SA,1
Dimension Data Ltd,1
Worldcall Broadband Limited,1
Mahdiar Rafiee,1
EVANZO e-commerce GmbH,1
ANTIK Telecom s.r.o,1
OTK LLC,1
"SAT-MONT-SERVICE JACEK MRUK, KRZYSZTOF MRUK Sp. z o.o.",1
FIBIA P/S,1
"QUASAR DATA CENTER, LTD.",1
MAN net Ltd.,1
Ariana Gostar Spadana (PJSC),1
"LLC ""SMART CENTER""",1
New Line Solutions LLC,1
Omani Qatari Telecommunication Company SAOC,1
Odido Netherlands B.V.,1
LLC Digital Dialogue-Nets,1
Serverio technologijos MB,1
Net Flex Ltda ME,1
CIK Telecom INC,1
Universitas Sebelas Maret,1
JSC ELEKTROSVYAZ,1
Argon Data Communication,1
Wireline,1
Kaopu Cloud,1
Modern store group LLC,1
TNEXT Communication Inc,1
TSURUHANE JAPAN LTD.,1
Star Telecom,1
PT. SOLO JALA BUANA,1
Connect Communications,1
Tata Institute of Social Sciences,1
UNIQUE NET SERVICE,1
DL GTPL Broadband Private Limited,1
Trans World Enterprise Services (Private) Limited,1
Ehost software company limited,1
"Qingdao, Shandong Province, P.R.China.",1
CITYLINK INTERNET SOLUTIONS PRIVATE LIMITED,1
PT INFORMASI NUSANTARA TEKNOLOGI,1
PT Herza Digital Indonesia,1
UNICOM AnHui province network,1
INFINITY SOFTWARE CORPORATION,1
PT Batanghari Baik Net,1
PT Milenial Inti Telekomunikasi,1
KHAZANA ENTERPRISE (PRIVATE) LIMITED,1
SCC NETWORK PVT LTD,1
Solve The Network,1
4S TECHNOLOGY TRADING SERVICES COMPANY LIMITED,1
99IT,1
ISP RIAD Ltd,1
Shneider Group LLC,1
Studio WIK Sp. z o.o.,1
Maciej Zukowski trading as Netkom Uslugi informatyczne,1
Chernyshov Aleksandr Aleksandrovich,1
ServTech LTD,1
Padideh Sazan Poshtvar Co. PJS,1
EdgeCenter LLC,1
ROZA HOLIDAYS EOOD,1
Mahdi Tasa,1
SUMMITARC MARKETING LTD,1
Din Server Group ApS,1
Wave Telecom Ltda.,1
Eliana Vanessa Morocho Oña,1
BM SOLUCIONES S.R.L.,1
LIFE INTERNET,1
Nuvio Serviços em Tecnologia da Informação LTDA,1
Rv Connect telecomunicações Ltda - Me.,1
SOLUTTI NETWORKS LTDA,1
EUNAPOLIS TELECOM LTDA,1
Libyan Elite Company for Technical Solutions,1
ISP CLUSTER INC,1
VeloxServ Communications Ltd,1
Universidad Nacional de Buenos Aires,1
2012 Limited / Netfront,1
Liberty Global B.V.,1
Cyprus Telecommunications Authority,1
COLT Technology Services Group Limited,1
"Telia Lietuva, AB",1
"INDO Internet, PT",1
Hoshin Multimedia Center Inc.,1
Singtel Fibre Broadband,1
"NEOCOMISP LIMITED, IPTX Transit and Network Service Provider in Cambodia.",1
Tata Communications Ltd,1
Wave Broadband,1
Gilat Telecom Ltd.,1
LLC Digital Network,1
Redcentric Solutions Ltd,1
CM.com N.V.,1
XTRA TELECOM S.A.,1
WorldLink Communications Pvt Ltd,1
China Unicom Guangzhou network,1
Gigared S.A.,1
Fundación Centro Nacional de Innovación Tecnológica (CENIT),1
imos Gesellschaft fuer Internet-Marketing und Online-Services mbH,1
2degrees Networks Limited,1
Linknet-Fastnet ASN,1
SKYBroadband SKYCable Corporation,1
Netnam Company,1
Supernet Limited Transit Autonomous System Number,1
PT. DATA Utama Dinamika,1
Cloud Megafon,1
JSC Avantel,1
Cloudnium LLC,1
MEGALINK INTERNET,1
JR & JS ENGENHARIA E COMÉRCIO LTDA,1
Under Servicos de Internet Ltda,1
Grupalia Internet S.A.,1
Orange Côte d'Ivoire,1
"HIVELOCITY, Inc.",1
"TMCEL - Moçambique Telecom, SA",1
Tele-plus LLC,1
PP KOM i TEX,1
Digiweb ltd,1
UZSCINET,1
smart systems,1
ELDATA prazska s.r.o.,1
Abissnet sh.a.,1
Network Foundations LLC,1
Fiber Grid INC,1
EDINAYA SET LIMITED LIABILITY COMPANY,1
INTERCOM LTD,1
firstcolo GmbH,1
"Lintas Data Prima, PT",1
Gunadarma University,1
Pskovline Ltd.,1
Digital Networks Ltd,1
ICT BULUT BILISIM A.S.,1
AVA HOST SRL,1
Advania Island ehf,1
Aspire Technology Solutions Ltd,1
Bi-Link Telecom,1
IDC,1
UNIVERSIDADE ESTADUAL PAULISTA,1
PT. Beon Intermedia,1
"Vidikon-K, CJSC",1
PT Suraloka Digital Kreatif,1
toob limited,1
Inovare-Prim SRL,1
TOV VAIZ PARTNER,1
Heymman Servers Corporation,1
"UnReal Servers, LLC",1
Antaranga Dot Com Ltd,1
Khetan Cable Network Pvt. Limited,1
Mukand Infotel Pvt Ltd.,1
Digital Cloud Technologies Private Limited,1
Kazi Sazzad Hossain T/A Millennium Computers & Networking,1
SHERIE PLEXUS ISP PRIVATE LIMITED,1
Superior Connections private limited,1
Stn Infotech Pvt. Ltd.,1
DISHAWAVES INFONET PVT. LTD,1
Kalpavruksha Communication Services Pvt.ltd,1
Medha Hosting,1
Decibel Networks Private Limited,1
Hong Kong Business Telecom Limited,1
"Nanjing, Jiangsu Province, P.R.China.",1
Nextgen Online,1
PT Tunas Link Indonesia,1
Universitas Mataram,1
Hubei Jiangxia IDC,1
Wide Netcom India,1
DINAS KOMUNIKASI DAN INFORMATIKA KABUPATEN TABANAN,1
PT Era Awan Digital,1
DEXSERVER,1
3S Viet Nam Technology Joint Stock Company,1
PEDEE,1
PT Layanan Internet Sakti,1
Naruto,1
RouteLabel V.O.F.,1
Beget LLC,1
LLC 3data DC,1
ET VESELIN JELQZKOV,1
Castlegem SRL,1
Miranda-Media Ltd,1
Hytron Network Services Limited,1
Meganet LLP,1
Media Land LLC,1
Miti 2000 EOOD,1
Dominic Scholz trading as ITP-Solutions GmbH & Co. KG,1
IP Connect Inc,1
Mizbani Hooshmand Mehr Afarin Co. Inc,1
"Closed Joint Stock Company ""AbkhazMedia""",1
VILLENEUVE GROUP SA,1
DTEL TELECOM,1
RapeedoISP LTDA,1
SOL TELECOMUNICACIONES S.A.,1
Transdados Telecom,1
NEW OESTE TELECOMUNICACOES LTDA,1
FIRENET SERVIÇOS DE TELECOMUNICAÇÕES LTDA,1
HIPERLINK.NET SERVICOS DE COMUNICACAO LTDA - ME,1
NCS-Fibra ( New Central Solutions ),1
ESPERANCA_PBFORTNET LTDA,1
CONECTAR TELECOM BANDA LARGA LTDA,1
OLIVEIRA TELECOM,1
N3 SOLUCOES TECNOLOGICAS LTDA,1
TECNO PROYECTOS GLOBALES S.A.C. - TECNOGLO S.A.C.,1
NAVEX INTERNET LTDA,1
SIMBANET MALAWI LIMITED,1
Africa on Cloud,1
Dot-Tech LLC,1
IPFB LLC,1
Entidad Publica Empresarial Red.es,1
IPXO LLC,1
"xTom Japan Co., Ltd.",1
ICOnetworks,1
Exa Bytes Network Sdn.Bhd.,1
Lanka Communication Services,1
"TekSavvy Solutions, Inc.",1
"Slovak Telekom, a.s.",1
"Latisys-Denver, LLC",1
"""Central Telegraph"" Public Joint-stock Company",1
GCI Network Solutions Limited,1
BT Italia S.p.A.,1
Hong Kong Telecommunications (HKT) Limited,1
"FreeBit Co.,Ltd.",1
Unified National Networks,1
"CariNet, Inc.",1
Akademska mreza Republike Srbije - AMRES,1
M1 NET LTD,1
Bhutan Telecom Ltd,1
TeraSwitch Networks Inc.,1
IO INC,1
Bristol Tennessee Essential Services,1
"Bel Air Internet, LLC",1
Networld Provedor e Servicos de Internet Ltda,1
Net Rosas Telecomunicações Ltda.,1
Mauritanian Telecommunication Company,1
Ghana Telecommunications Company Limited,1
Internet-Cosmos LLC,1
SvyazResurs-Region LLC,1
Sibirskie Seti Ltd.,1
Matrix Telecoms SA,1
Angola Cables,1
Orient Telecoms Sdn. Bhd,1
Comvive Servidores S.L.,1
NForce Entertainment B.V.,1
Slovanet a.s.,1
Hi3G Access AB,1
"""Company Internet Technologies"" LLC",1
PE Tsibrankov Konstantin Igorevich,1
GLB Bulut Teknolojisi Limited Sirketi,1
HOSTMAZE INC SRL-D,1
IHS Kurumsal Teknoloji Hizmetleri A.S,1
Star Network and Promotion LTD,1
Global Layer B.V.,1
GNC-Alfa CJSC,1
Telecom.ru Ltd,1
Isimtescil Bilisim A.S.,1
Télécommunications de Haití (Teleco),1
B2 Net Solutions Inc.,1
Bangalore Broadband Network Pvt Ltd,1
EARTH TELECOMMUNICATION (Pvt) LTD.,1
LeaseWeb Netherlands B.V.,1
"OOO ""NECSTEL""",1
Bredband2 Bredbandsson AB,1
Dedicated.com,1
TIEN PHAT TECHNOLOGY CORPORATION,1
DODO K.K.,1
PT WISUANDHA NETWORK GLOBALINDO,1
DESIVPS,1
NET 4 U SERVICES PVT LTD,1
Phuong Dong technology solution company limited,1
Devdarpan Broadband Pvt. Ltd.,1
PT Metrocom Indonesia,1
Bengal Broadband Limited,1
Grandbo Technology Development Corporation,1
Antarjal It Communication Pvt. Ltd.,1
Pemerintah Kabupaten Belitung Timur,1
Crisp Enterprises,1
Apexhost Pty Ltd,1
PT Tonggak Teknologi Netikom,1
INTER GROUP VIET NAM JOINT STOCK COMPANY,1
INTERDATA JOINT STOCK COMPANY,1
qlhost,1
PT Alfa Omega Interkoneksi,1
NIXI-CSC Data center,1
TJMGLOBAL DIGITECH PRIVATE LIMITED,1
REDDOT DIGITAL LIMITED,1
LOGOSYS CLOUD PRIVATE LIMITED,1
AZPLAY TECHNOLOGY COMPANY LIMITED,1
DATA SECURITY SOLUTIONS LIMITED,1
IWS NETWORKS LLC,1
HOSTGNOME LTD,1
Onur Ekren,1
hosttech GmbH,1
MARKAHOST TELEKOMUNIKASYON VE TICARET LIMITED SIRKETI,1
EuroByte LLC,1
Rabchuk Valentyna Viktorivna,1
AdminVPS OOO,1
NSHOST SRL,1
Cinzia Tocci trading as C1V,1
Hessam Isaei,1
Kod Bezopasnosti LLC,1
Alessandro Accorsi trading as Len Service SRL,1
Abr Baran Information Technologists LLC,1
Karina Rashkovska,1
Komskov Vadim Aleksandrovich,1
BANDA TURBO PROVEDORES DE INTERNET LTDA,1
WICORP SA,1
NETMANIA LTDA ME,1
URUPESNET PROVEDOR DE INTERNET LTDA ME,1
MEGA TELE INFORMATICA,1
Sierra Madre Internet SA de CV,1
TV CABLE DEL SUR LTDA,1
SOC. COMERCIAL WIRENET CHILE LTDA.,1
DATACENTRICS INTEGRADOR MULTINUVEM LTDA,1
Pedro F Arruda Junior ME,1
ACRF SERVICOS DE INFORMATICA LTDA - ME,1
SUPER REDES S.A.S,1
LINK DIGITAL SOLUCOES EM INTERNET LTDA,1
Ch Informatica Ltda,1
Asia Pacific Network Corporation,1
Internet Initiative Japan Inc.,1
Egyptian Universities Network (EUN),1
Beanfield Technologies Inc.,1
Federal State Budgetary Institution of Science 'N.N. Krasovskii Institute of Mathematics and Mechanics' of the Ural Branch of the Russian Academy of Sciences,1
Strato AG,1
BENESOL BACKBONE,1
OOO WestCall Ltd.,1
Cooolbox AD,1
ETL Company Limited,1
Invitech ICT Services Kft.,1
Enterpreneur Oshitjer Igor Anatolievich,1
SIA Tet,1
Three Ireland (Hutchison) limited,1
"Limited Liability Company ""TTK-Svyaz""",1
Autonomous System Number for Nexlinx,1
PT Indopratama Teleglobal (ISP)Wisma BSG Floor 6,1
Taiwan Infrastructure Network Technologie,1
Viewqwest Pte Ltd,1
Otecel S.A.,1
Saudi Telecom Company JSC,1
Universal Telecom S.A.,1
Colombia Móvil,1
IELO-LIAZO SERVICES SAS,1
Nine Internet Solutions AG,1
FDCservers.net,1
"JSC ""Globus-Telecom""",1
Igra-Service LLC,1
Netorn LLC,1
Teleservice Bredband Skane AB,1
CTS Computers and Telecommunications Systems SAS,1
Vodacom Tanzania Ltd,1
KKON Technologies Ltd,1
Hanoi Telecom JSC,1
Sepanta Communication Development Co. Ltd,1
ICON LTD,1
Eurofiber France SAS,1
VOe multimedia SA,1
LANTA Ltd,1
Svea Hosting AB,1
Castles LLC,1
Basis LLC,1
Fornex Hosting S.L.,1
ServeNET Solution Limited Partnership,1
Krishna Raghava Online Pvt Ltd,1
Ettelaat Fanavarn-E Tookan Co Ltd,1
FOP Koval Dmitro Orestovich,1
Iskratelecom JSC,1
Pronet Telekom Ltd,1
Bredband2 Stockholms Stadsnaet AB,1
PRODEPA - Emp Tec da Inf e Com do Estado do Pará,1
DIMENOC SERVICOS DE INFORMATICA LTDA,1
EVEO S.A.,1
"Metro Communications Company, Inc.",1
Zillion Network Inc.,1
"Korea Data Telecommunication Co., Ltd.",1
"TOM-NET s.c. Dariusz Koper, Radoslaw Koper",1
Telekomunikasi Indonesia International (T.L.) S.A.,1
Binary Racks Limited,1
SIA RixHost,1
PS Cloud Services LLC,1
Lembaga Pengembangan Teknologi Informasi dan Komunikasi,1
AZDIGI Corporation,1
CT-SHANXI-MAN-2,1
TELEGLOBAL COMMUNICATION SERVICES LIMITED,1
Mammoth Media Pty Ltd,1
SH2206-AP,1
R2 Net Solutions Pvt Ltd,1
Internet @ Home Limited,1
Paradise Telecom Pvt Ltd,1
CHAMPARAN INTERNET PRIVATE LIMITED,1
PT Teknovatus Solusi Sejahtera,1
Netclues Technologies Private Limited,1
Radinet Info Solutions Private Limited,1
Gaurav Communication Pvt Ltd,1
Netpoint IT & Communications Pvt. Ltd,1
West263 International Limited,1
PT XL Axiata Tbk,1
USDC TECHNOLOGY JSC,1
"Vietnam F Tech., JSC",1
Badan Nasional Penanggulangan Bencana,1
"NZ Network Enterprise Co., Ltd.",1
OPTO COMMUNICATIONS PRIVATE LIMITED,1
GREENCLOUD LIMITED LIABILITY COMPANY,1
GITELENET PRIVATE LIMITED,1
CLOUD DATA TECHNOLOGY AND COMMUNICATION COMPANY LIMITED,1
"LLC ""Nauka-Svyaz""",1
Dimensione S.r.l.,1
EUGAMEHOST LTD,1
SS-Net,1
Open Infra ISP Production International AB,1
Marco Lingl trading as Cyberse GmbH & Co. KG,1
Sky Italia srl,1
Podaon SIA,1
FyfeWeb Ltd,1
Interneto vizija,1
PROXXIMA TELECOMUNICACOES SA,1
DIGITAL WORK,1
"Metrowireless Solutions de Costa Rica, SA",1
INTERLIG TELECOM,1
Matek Soluções de Informatica Ltda,1
LINKMNET LTDA,1
NAVEX TELECOM,1
serrasul telecom ltda,1
SCON FIBRAS,1
CWMC TELECOM LTDA ME,1
VPS GURU CHILE SPA,1
Andre L. Azariti & Cia LTDA,1
GA Telecom,1
CHARTER COMMUNICATIONS INTERNATIONAL DE VENEZUELA C.A.,1
FIBER FIX S.A.C.,1
"TELECOMUNICACIONES G-NETWORK, C.A.",1
VIETTEL BURUNDI SA,1
Nkponani Limited,1
Click Fiber Communications Limited,1
RocketNode Inc,1
Tri-Co Connections,1
Bytefilter LLC,1
Cellcom Fixed Line Communication L.P,1
Alands Telekommunikation Ab,1
PenTeleData Inc.,1
Internode Pty Ltd,1
Federal Research Center for Information and Computational Technologies,1
HostUS,1
"Software Technology Parks of India,Block-IV",1
China Unicom Global,1
"Topica LLC, Internet Service Provider,Ulaanbaatar, Mongolia",1
Nettlinx Limited,1
Sonoran Software Systems LLC,1
DC MATRIX INTERNET S/A,1
Midcontinent Communications,1
NOVAFIBRA,1
Mid-Rivers Telephone Cooperative,1
GHOSTnet GmbH,1
Flexential Colorado Corp.,1
"MAXNET TELECOM, LTD",1
Brightspeed,1
IP TelCom LLC,1
SERVICIOS INTERNET LTDA,1
ReliableSite.Net LLC,1
PT. Telekomunikasi Selular,1
Ranks ITT Ltd.,1
Telenet SIA,1
RADIOKOMUNIKACE a.s.,1
OOO Suntel,1
Rachamim Aviel Twito,1
HCL AMERICA INC,1
GVA Cote d'Ivoire SAS,1
Africom Pvt Ltd,1
Xneelo (Pty) Ltd,1
tianjin Mobile Communication Company Limited,1
"Lanka Education & Research Network, NREN",1
PT EDI INDONESIA,1
MYANMA POSTS AND TELECOMMUNICATIONS,1
VIA NET COMMUNICATION LTD.,1
"Net Solutions - Consultoria Em Tecnologias De Informacao, Sociedade Unipessoal LDA",1
Data Storage Center JSC,1
Web Dadeh Paydar Co (Ltd),1
Telecommunication Infrastructure Company,1
GOSTARESH-E-ERTEBATAT-E MABNA COMPANY (Private Joint Stock),1
Mada Al-Arab General Services Company,1
Enix Ltd,1
BLZNET SERVICOS DE INTERNET LTDA - ME,1
OS CONNECT INFORMATICA EIRELI - EPP,1
F1 SOLUTIONS DATACENTER E TELECOMUNICACOES LTDA,1
TEN INTERNET Ltda,1
MUNDIVOX TELECOMUNICAÇÕES LTDA,1
ManagedWay,1
Chickamauga Telephone Corporation,1
FiberComm LC,1
"Skyline Semesta, PT",1
Faraso Samaneh Pasargad Ltd.,1
Nano Telecom LLC,1
PT Infinys System Indonesia,1
INFOMAISNET TELECOM LTDA,1
INTERNOD LLC,1
SzerverPlex.hu KFT.,1
Snel.com B.V.,1
Md. Abdul Awual t/a Cyber Way Technology,1
MOBIFONE Corporation,1
Seven Star Digital Network Private Limited,1
RackBank Datacenters Private Ltd,1
"Room 704, ChinaChen Leighton Plaza",1
SKYNET BROADBAND PVT LTD,1
Elyzium Technologies Pvt. Ltd.,1
CHINANET Yunnan province IDC2 network,1
Inspire Broadband,1
Viet Storage Technology Joint Stock Company,1
PT SOLUSI TRIMEGAH PERSADA,1
Ometa Net Pvt. Ltd.,1
Jimat Technology Solution,1
GSL Networks Pty LTD,1
Mangkone Technology Co. Ltd.,1
PT Abhinawa Sumberdaya Asia,1
"CSNE Co., Ltd.",1
Sajid Trading Ltd.,1
The Internet Data Center of Sichuan Mobile Communication Company Limited,1
"Hong Kong Communications International Co., Limited",1
QTIME BUSINESSES PRIVATE LIMITED,1
PT Lintas Satu Visi,1
PT DesktopIP Teknologi Indonesia,1
Progenet Innovations Sdn Bhd,1
INSPIREIT NETWORK SOLUTIONS PRIVATE LIMITED,1
Pioneer Elabs Ltd.,1
PT Air Lintas Komunikasi,1
PT CIGS Indonesia Digital,1
Myklnet Sdn Bhd,1
Pars Abr Toseeh Ertebatat Company,1
KRUCZNET Sp. z o.o.,1
ByteVirt LLC,1
DA International Group Ltd.,1
UralNet LLC,1
Mazen Ltd,1
SBCLOUD LLC,1
Goodhost.KZ LLP,1
RoyaleHosting BV,1
Perfecto Consultoria E Apoio Administrativo LTDA,1
Muhammed Fatih ASAN,1
NKtelecom INC,1
Natel Telecom Ltda. - ME,1
PW INFORMATICA E TECNOLOGIA LTDA,1
VETT - VIA EXPRESS TECNOLOGIA E TELECOMUNICACOES,1
HYPER TELECOM,1
G3 Telecom EIRELI,1
"RETIS - REDES, TI E SEGURANCA LTDA - ME",1
ICNT PROVEDOR DE INTERNET LTDA,1
AVATO TECNOLOGIA S.A,1
Luiza Maria de Souza Sindelar ME,1
VibeNet Telecom,1
MAXNET PROVEDOR DE INTERNET LTDA,1
BTEC TELECOM EIRELI,1
Servicos de Infraestrutura e Datacenter,1
TREFOIL NETWORKS LTD,1
HAMILTON TELECOM LIMITED,1
Sun Network Company Limited,1
Verein zur Foerderung eines Deutschen Forschungsnetzes e.V.,1
AAPT Limited,1
xTom GmbH,1
"Subisu Cablenet (Pvt) Ltd, Baluwatar, Kathmandu, Nepal",1
Global-Gateway Internet,1
IDC Frontier Inc.,1
Spark New Zealand Trading Ltd.,1
Cincinnati Bell Telephone Company LLC,1
Primus Telecommunications Canada Inc.,1
SingTel Optus Pty Ltd,1
Commission on Science and Technology for,1
SHYAM SPECTRA PVT LTD,1
Hanbat National University,1
VOO S.A.,1
GlobalConnect AB,1
Coolnet New Communication Provider,1
AKNET Ltd.,1
SOUTH DAKOTA NETWORK,1
TELEFONICA EMPRESAS CHILE SA,1
Sandviken Energi AB,1
Fast Communication Company Ltd,1
PUNTONET S.A.,1
PT. Media Antar Nusa,1
PT.Mora Telematika Indonesia,1
"INTERNET CZ, a.s.",1
Rica Web Services,1
WorldNet Telecom Comercio e Serviços de Telecomuni,1
"Cablevisión, S.A. de C.V.",1
"Fiord Networks, UAB",1
Infomaniak Network SA,1
Foliateam Operateur SAS,1
"OOO ""Gruppa MosLine""",1
Bystrov Dmitriy Sergeevich,1
KVIKTEL LLC,1
PRO INTERNET Sp. z o.o.,1
Tele Columbus AG,1
SPRINTHOST.RU LLC,1
Information and Communication Technologies LLC,1
Satcom Networks Africa,1
Powertel Communications,1
Information and Communications Technology Authority,1
Frontier Optical Networks Ltd,1
Hormuud Telecom Somalia INC,1
Orange Tunisie,1
Octopusnet LTD,1
PT. NAP Info Lintas Nusa,1
"Krzysztof Andrzej Kozak trading as P.P.H.U. ""ARTUS""",1
Golitsyno Telecom Ltd,1
Jahan Ruye Khat PJSC,1
Crystal Telecom Ltd,1
Sakhalin Cable Telesystems Ltd,1
OSS Ltd,1
Lunamen S.A.,1
VELONET,1
LagosNet Internet Banda Larga Ltda,1
BR27 Serviços de Tecnologia Ltda.,1
Multpontos Telecomunicações Ltda - ME,1
Next Telecomunicações do Brasil LTDA,1
"AZURE TECHNOLOGY CO., LIMITED",1
Viet Solutions Services Trading Company Limited,1
Digital Storage Company Limited,1
Sauron CZ s.r.o.,1
"Langfang,Hebei province, P.R.China",1
JSC Sevastopol Telekom,1
Coriolis Telecom SAS,1
Bursabil Teknoloji A.S.,1
Universitas Katolik Widya Mandala,1
"NIPA TECHNOLOGY CO., LTD",1
Tele Asia Limited,1
SDN TELECOM PVT LTD,1
Thailand Government Data Center and Cloud service (TGDCC),1
"HONGKONG AI JIA SU NETWORK CO.,LIMITED",1
DISKOMINFO KABUPATEN PATI,1
SHASS INFORMATION AND QUALITY ENGINEERING SERVICES,1
"CACloud Services (Shanghai) Co., Ltd.",1
PT DATA PRIMA SOLUSINDO,1
Turing Group Limited,1
PT Linkgo Metro Teknologi,1
Universitas Islam Negeri Sultan Maulana Hasanudin Banten,1
WSNL BROADBAND PRIVATE LIMITED,1
"Phu Hai Computer Co., Ltd",1
Megatel Networks Private Limited,1
XCLOUD TECHNOLOGY LIMITED,1
Wolast Technologies,1
MULTIREACH BROADBAND SERVICES PRIVATE LIMITED,1
"LLC ""Isatel"" Tajikistan",1
P.A.G.M. OU,1
WAP.AC LTD,1
Xelent,1
ALEXHOST SRL,1
Verdina Ltd.,1
Dovecom LLC,1
CC INTERNET s.r.o.,1
Norma s.r.l.,1
PARDIS FANVARI PARTAK LTD,1
Veganet Teknolojileri ve Hizmetleri LTD STI,1
FEELB SARL,1
Toesegaran Shabakeh Arseh Novin Ltd,1
MARLETTA SAT S.R.L.,1
Elaf Alrafideen for Communication & Networks Facilities and trade computers co. LTD,1
Marbell AG,1
MortalSoft Ltd.,1
Indagraf Ltda,1
VIGINET C.A,1
FIBERNET,1
L3 NETWORKS E TELECOMUNICACOES LTDA,1
Equatorial Telecomunicacoes LTDA,1
DIGITUS INFORMATICA LTDA - ME,1
ITD Internet Ltda,1
DNET BRASIL LTDA,1
INTERYA S.A.S,1
F.A.A PROVEDOR LTDA - ME,1
S DE OLIVEIRA FILHO,1
NEXTNET SAC,1
CHARACKWAVES CUSYPATA EXPORT/IMPORT S.A.C.,1
BEC Fiber,1
"Peoples Rural Telephone Cooperative Corporation, Inc.",1
Cyber Planet LLC,1
Zayo Bandwidth,1
"Arachnitec, INC.",1
City of Burbank,1
BDCOM-BD,1
Iway AG,1
M-net Telekommunikations GmbH,1
"ADAMANT, Ltd.",1
OHOST LLC,1
KangNam CableTV,1
LIWEST Kabelmedien GmbH,1
Melita Limited,1
SERVICIOS DE TELECOMUNICACIONES SETEL S.A. (XTRIM EC),1
DKTV A/S,1
Salt Mobile SA,1
Anycast Global Backbone,1
ABN,1
Enzu Inc,1
Cinia Oy,1
Axiom Networks Ltd,1
Enterprise Managed Services Sdn. Bhd.,1
China TieTong Telecommunications Corporation,1
UAB INIT,1
Telecommunication Company Vinteleport Ltd.,1
"""Inter-Telecom"" LLC",1
Ellijay Telephone Company,1
Navega.com S.A.,1
"FirstLight Fiber, Inc.",1
NODOCOOP Federación de Cooperativas Ltda.,1
ARLINK S.A.,1
BRISANET SERVICOS DE TELECOMUNICACOES S.A,1
R & F BASSAN COMÉRCIO SERVIÇOS E SISTEMA LTDA - ME,1
All Net Informatica Ltda,1
Orion Telecom LLC,1
System Net Ltd,1
Part Financial Information Processing Co.,1
Layer7 Networks GmbH,1
"Teledata, Ghana",1
UNITEL SA,1
Societe Nigerienne des Telecommunications (SONITEL),1
Iclix (PTY) Ltd,1
ADN Telecom Ltd.,1
PT Maxindo Mitra Solusi,1
Honesty Net Solution (I) Pvt Ltd,1
abcle,1
Syscon Infoway Pvt. Ltd.,1
FORTEX CJSC,1
LLC Skytel,1
COSYS DATA GmbH,1
Telecomunicazioni digitali Fastalp S.R.L.,1
MIRhosting B.V.,1
Polcom Sp. z o.o.,1
AGUAS DEL COLORADO SAPEM,1
Infobarra Solucoes em Informatica Ltda,1
CINTE Telecom Comercio e Servicos Ltda.,1
PEG TECH INC,1
TECHMINDS NETWORKS PVT. LTD.,1
OnTelecom LLC,1
Information Technology Company (ITC),1
Parsan Lin Co. PJS,1
WDS TELECOM LTDA. ME,1
Norte.Net Telecomunicações Ltda,1
Mazeda Networks Limited,1
PT Smart Media Pratama,1
GMO GlobalSign Holdings K.K.,1
Shree Omkar Infocom Pvt Ltd,1
Sikka Cable,1
SkyExchange Internet Access,1
Elxer Communications Private Limited,1
Netplus Broadband Services Private Limited,1
Adarsh Infosolutions,1
Universitas Hasanuddin,1
"Sky Digital Co., Ltd.",1
Mastek Infosystems O. Pvt. Ltd.,1
HDTIDC LIMITED,1
PacketHub S.A.,1
TELECOMMUNICATION AND TECHNOLOGY MASTERS (PVT.) LIMITED,1
"Shen Zhen Hu Lian Xian Feng Technology Co., Limited",1
Dinas Komunikasi dan Informatika Kabupaten Kulon Progo,1
LUCIDACLOUD LIMITED,1
Deshnet Broadband,1
UNICOM JiangSu Suzhou IDC network,1
CSD Group Technology JSC.,1
PT Profesional Internet Indonesia,1
PT Lintas Citra Abadi,1
PT Anugerah Cimanuk Raya,1
LUOGELANG (FRANCE) LIMITED,1
PT Subnet Data Nusantara,1
PT Alnet Telekomunikasi Indonesia,1
iHOME,1
"WEDOS Internet, a.s.",1
Yarnet Ltd,1
Telekom System sp.z o.o.,1
State Unitary Enterprise Scientific Engineering and Marketing Researches Center UNICON.UZ,1
NETH LLC,1
Arvid Logicum OU,1
Cooperative Afra ertebatat-e-sabet-e Rasa Co,1
MAXKO d.o.o.,1
Mustafa cakir,1
PROLINK ICT DOOEL,1
Sansara Telecom,1
VerdeNET Fibra Optica,1
R & B Serviços de Telecomunicações Ltda.,1
P3 Telecom LTDA,1
AUSTRO INTERNET S.A.,1
M. L. J. DANTAS - ME,1
JM TELECOM LTDA,1
Somali Research & Education Network(SomaliREN),1
Milan Cable,1
THE KONZA TECHNOPOLIS DEVELOPMENT AUTHORITY,1
EightJoy Network LLC,1
"HealthEdge Software, Inc.",1
"TRANS UNION OF CANADA, INC.",1
"Poka Lambro Telephone Cooperative, Inc.",1
EliteWork LLC,1
Atomic Networks LLC,1
Japan Network Information Center,1
UAB Porenta,1
TDC Holding A/S,1
Rochester Institute of Technology,1
Netminders Server Hosting,1
"FreeTel, s.r.o.",1
Eviny Digital AS,1
HCN CHUNGBUK CABLE TV SYSTEMS,1
Two Degrees Networks Limited,1
KWANGWOON UNIVERSITY,1
RECONN LLC,1
"Datacenter IP, LLC",1
Xentain Solutions Inc.,1
NFrance Conseil,1
"""Kyivstar"" PJSC",1
Source Telecoms Inc.,1
Envia Tel GmbH,1
AMERICAN TOWER DO BRASIL-COMUNICAÇÂO MULTIMÍDIA LT,1
PT. Transhybrid Communication,1
OPC Networks Kft.,1
ESCOM Ltd. - Haskovo,1
COTAS LTDA.,1
"Private ""Stock company ""Sater""",1
velia.net,1
P4 Sp. z o.o.,1
JSC Agency of Economical Information Prime,1
CONGO TELECOM,1
"CABO VERDE TELECOM, S.A",1
Korea Cable TV Kwangju Broadcasting,1
HaNoi University of science and technology,1
PT. HIPERNET INDODATA,1
M9 COM LTD,1
MivoCloud SRL,1
Turnkey Internet Inc.,1
Adam Dlugosz trading as ABAKS,1
Tehnologii Budushego LLC,1
JSC Transtelecom,1
OOO Istranet,1
Inform Communications Ltd.,1
GNET Internet Telekomunikasyon A.S.,1
Obyedinyonniye Lokalniye Seti Ltd.,1
Michael Sebastian Schinzel trading as IP-Projects GmbH & Co. KG,1
Jumpnet Soluciones de Internet S.R.L.,1
Level 27 BVBA,1
TURBONET TELECOM LTDA,1
SpectraIP B.V.,1
247RACK.com,1
PT Mitra Akses Globalindo,1
Universitas Pembangunan Nasional Veteran Yogyakarta,1
Race Online Limited,1
"Tai-Fu Cloud Co., Ltd.",1
PT Pelabuhan Indonesia II,1
"282, Sector 19",1
NeocomISP Limited,1
Spiderlink Networks Pvt Ltd,1
NAVER BUSINESS PLATFORM ASIA PACIFIC PTE. LTD.,1
Multinet Broadband,1
Catla IT and Engg.Co.Pvt.Ltd.,1
Adsota Corporation,1
Ngc Broadband Pvt. Ltd.,1
Hansin It Services Pvt. Ltd.,1
SATELLITE NETCOM PRIVATE LIMITED,1
PT. Awan Kilat Semesta,1
HOSTZOP CLOUD SERVICES PRIVATE LIMITED,1
Skynet Broadband Network,1
STAR COMMUNICATION,1
PT Dewa Bisnis Digital,1
PT Wahyu Adidaya Network,1
BrownArc Enterprises Private Limited,1
THANH PHAT TECHNOLOGY AND CONSTRUCTION LIMITED COMPANY,1
PT Indo Teknologi Konstruksi,1
TELEINDIA NETWORKS PRIVATE LIMITED,1
"JETCLOUD TECHNOLOGY CO., LTD",1
MAHALAXMI NET PRIVATE LIMITED,1
GLOBAL COMMUNICATION NETWORK LIMITED,1
PT Telemedia Prima Nusantara,1
Kopings Kabel-TV AB,1
Ultimum Technologies a.s.,1
AQUILENET,1
Teletime Ltd.,1
SuperHosting.BG Ltd.,1
Freitaler Stadtwerke GmbH,1
Trader soft LLC,1
oneCorp GmbH,1
NLS ASTANA LLP,1
Maximilian Jacobsen,1
LLC Eximius,1
MONTAZHTECHSERVICE COMMUNICATION LLC,1
Flyservers S.A.,1
Saeid Shahrokhi,1
Digital City FZE,1
Silent Connection Ltd.,1
Arvin Data Transfer Co. Ltd.,1
Compuservice Empreendimentos Ltda,1
JNNET TELECOMUNICACOES EIRELI - EPP,1
BTT TELECOMUNICACOES S.A.,1
Solucao Network Provedor Ltda,1
Netwave Telecomunicações Ltda.,1
Sinal Br Telecom Ltda,1
TVANET TELECOM LTDA,1
Ora Servicos de Telecomunicacoes Ltda,1
Costa Do Sol TV a cabo,1
RED PARAGUAYA DE TELECOMUNICACIONES SA,1
Virtual Connect,1
FLASH NET TELECOMUNICACOES LTDA - ME,1
MARANET TELECOM LTDA,1
ROMAO TELECOM,1
HR processamentos de dados ltda,1
DELTA TELECOM,1
R R DE FRANCA SOUSA,1
ZAAZ PROVEDOR DE INTERNET E TELECOMUNICACOES LTDA,1
EMPRESA COCAIENSE DE TELECOMUNICACAO LTDA,1
National Information Technology Authority Uganda,1
Covenant University,1
Somtel Somalia LTD,1
Arisk Communications inc.,1
CSC - Tieteen tietotekniikan keskus Oy,1
Telia Finland Oyj,1
BIGLOBE Inc.,1
VODAFONE-PANAFON HELLENIC TELECOMMUNICATIONS COMPANY SA,1
SingNet,1
Bas Smit trading as Zylon,1
Intersvyaz-2 JSC,1
BH Telecom d.d. Sarajevo,1
Ntte Global Network (Brand Name),1
Wonkwang University,1
EastLink,1
University of Waterloo,1
Vodafone Romania S.A.,1
Kenyan Post & Telecommunications Company / Telkom Kenya Ltd,1
"OOO ""Post ltd""",1
"Acer e-Enabling Data Center, Inc.",1
Primesoftex Ltd,1
DongFong Technology Co. Ltd.,1
Outremer Telecom SAS,1
"HIPOINT TECHNOLOGY SERVICES, INC.",1
Nayatel (Pvt) Ltd,1
INTERDOTLINK SYSELEVEN,1
Industrial Media Network LLC,1
PureVoltage Hosting Inc.,1
NLINK SERVICOS E TECNOLOGIA DE INTERNET LTDA,1
DFW Datacenter,1
ATI - Agence Tunisienne Internet,1
"Przedsiebiorstwo ""PROMAX"" Spolka Jawna Zofia Formanek-Okroj, Wieslaw Okroj",1
Nordic Telecom Regional s.r.o.,1
Telecom Malagasy,1
Layer3 Limited,1
KT RWANDA NETWORK Ltd,1
Cobranet Limited,1
AL-SARD FIBER Co. for Internet Fiber and Optical Cable Services /Ltd.,1
Telia Norge AS,1
Lovitel LLC,1
Pick-Up Ltd.,1
Telemach BH d.o.o. Sarajevo,1
INTAC Services GmbH,1
VIPNET PRIM Ltd,1
10 Science Park Road,1
HUSAM A. H. HIJAZI,1
Business Svyaz,1
Enterprise Cloud Ltd.,1
Caribbean Telecom S.A,1
Tamatiya EOOD,1
One.com A/S,1
Loop Coronel Suarez S.A.,1
"LIBERTY NETWORKS GUATEMALA, LIMITADA",1
ISOTELCO LTDA,1
CELANTE SERVICOS DE TELECOMUNICACOES LTDA - EPP,1
ViaNetTV Inc,1
24 SHELLS,1
AFGHANTELECOM GOVERNMENT COMMUNICATION NETWORK,1
Nrp Teknoloji Limited Sirketi,1
LEASEWEB SINGAPORE PTE. LTD.,1
Junet AB,1
Laguna sp. z o.o.,1
VIGORA TELECOM,1
"LINVEO, LLC",1
UIN Sunan Gunung Djati Bandung,1
GLOBAL TECHNOLOGY - TELECOMMUNICATIONS CORPORATION,1
Cloud Viet Technology Company Limited,1
OOREDOO MYANMAR,1
NETCOM ENTERPRISES PVT LTD,1
Trinn Techologies Pvt. Ltd.,1
SS BROADBAND SERVICES PVT LTD,1
HTS Solutions Private Limited,1
PI DATA CENTERS PRIVATE LIMITED,1
ONET DIGITAL NETWORKS PVT. LTD.,1
China Mobile Hong Kong Company Limited,1
PT.Global Media Data Prima,1
Polly IT,1
Jiangxi Jiujiang IDC,1
Dinas Komunikasi dan Informatika Kota Balikpapan,1
China Telecom Henan Zhengzhou Shujugang IDC network,1
PT Buana Visualnet Sentra,1
PT. MEDIA DISTRIBUSI PRIMA,1
PT Jetorbit Teknologi Indonesia,1
Universitas Muhammadiyah Gresik,1
VPSMMO TECHNOLOGY COMPANY LIMITED,1
GOFIBER SOFTWARE TECHNOLOGY COMPANY LIMITED,1
PT. AwanBit Data Indonesia,1
Evoxt Enterprise,1
PT Rajawali Bintang Cemerlang Telkomedia,1
VPSMMO COMPANY LIMITED,1
ABUNETCONNECT INTERNET SERVICES PVT LTD,1
Hosterdaddy Private Limited,1
Tetaneutral.net Association declaree,1
Free Pro SAS,1
Didehban Net Company PJS,1
GANDI SAS,1
LLC Flex,1
Hiper A/S,1
Marcel Andrew Zaiser trading as Metaliance ISP Systems e.k,1
ALCORT INGENIERIA Y ASESORIA S.L.,1
XHOST INTERNET SOLUTIONS LP,1
Access Telecom Ltd.,1
MULTISOFT LLC,1
Despliegue de Redes de Telecomunicaciones S.L.,1
"Datashield, Inc.",1
GLOBALSAT DOOEL,1
Chociz Private Limited,1
Big Data Host LLC,1
BestDC Limited,1
Skoali SAS,1
Talklink Informática EIRELI ME.,1
SIGNAL PROVEDOR DE ACESSO A INTERNET LTDA,1
TECNET PROVEDOR DE ACESSO AS REDES DE COM. LTDA,1
R L COMERCIO MANUTENCAO REPRESENTACAO DE ELETRO-E,1
BB Host LTDA,1
INFO TELECOM INTERNET LTDA,1
BIXNET SERVICOS DE REDES DE COMUNICACAO VIRTUAL,1
Acesso Net Servicos,1
Vicente Sosa Peralta,1
UNIC SERVICOS DE TELECOMUNICACOES LTDA,1
LINKVALE INTERNET EIRELI,1
Rede Brasil Networks,1
MDS TELECOM C.A.,1
HRCNET TELECOM LTDA,1
Infinity Web Fibra Optica Ltda,1
TELECOMUNICACIONES DEL FUTURO SAC,1
ALLREDE TELECOM LTDA,1
Mezobyte (Pty) LTD,1
CYBERONEDATA-ASN,1
NetInformatik Inc.,1
Elisa Oyj,1
Elisa Eesti AS,1
BELNET,1
Internet Solutions Limited,1
StarHub Ltd,1
Telkom SA Ltd.,1
"Atlantic.net, Inc.",1
Makedonski Telekom AD-Skopje,1
Polkomtel Sp. z o.o.,1
Moldtelecom SA,1
True Internet Data Center Company Limited,1
GNET INC.,1
"JCOM Co., Ltd.",1
"Oriental Cable Network Co., Ltd.",1
TOKAI Communications Corporation,1
Distributel Communications Limited,1
Smartcom Bulgaria AD,1
Leon Sp. z o.o.,1
UK-2 Limited,1
Vodafone Net Iletisim Hizmetler AS,1
HL komm Telekommunikations GmbH,1
SECURED SERVERS LLC,1
Wavenet Limited,1
BRACNet Limited,1
Hutchison Drei Austria GmbH,1
"ONATEL (Office National des Telecommunications, PTT)",1
"E-Commerce Park, N.V.",1
Corporacion Digitel C.A.,1
Ver Tv S.A.,1
Oman Telecommunications Company (S.A.O.G),1
Optisprint OOD,1
Serbia BroadBand-Srpske Kablovske mreze d.o.o.,1
"Classic South Communications, L.L.C.",1
Aktsiaselts WaveCom,1
INETCOM CARRIER LLC,1
iSAT Africa Zambia Ltd,1
Centre de Calcul El Khawarizmi,1
"True International Gateway Co., Ltd.",1
Dreamscape Networks Limited,1
Global Network Management Inc,1
Tevia Ltd.,1
UNITEL LLC,1
TV SAT 2002 SRL,1
ZINET.NET.PL Sp. z.o.o.,1
New Georgia LLC,1
Mobile Telecommunications Company,1
Trabia SRL,1
Farahoosh Dena PLC,1
SBN-IIG/AWN-IIG transit provider,1
"Bangladesh Telecommunications Company Limited (BTCL), Nationwide PSTN Operator and Data and Internet Service Provider.",1
Omer Faruk Demirci,1
23M GmbH,1
FastNet Ltd.,1
Proservice LLC,1
"Information Network, LLC",1
Energie AG Oberoesterreich Services und Digital Solutions GmbH,1
Marek Bajerski trading as HITME.PL,1
WebSupport s.r.o.,1
1TELECOM SERVICOS DE TECNOLOGIA EM INTERNET LTDA,1
Microscan Infocommtech Private Limited,1
Starhub Ltd,1
BitWeb LLC,1
"Jinan,250000",1
Auspice Infratel Pvt. Ltd.,1
Dimension Network & Communication Limited,1
TELECOMMUNICATION COMPANY KAMA - LINK LLC.,1
NBS TELECOM,1
Beijing WangJu Interworking Information Technology Co. LTD,1
Universitas Islam Negeri Raden Fatah Palembang,1
"Global Gateway, Tsuen Wan, New Territories, Hong Kong",1
Rising Star Cable TV Services,1
Gazon Communications India Limited,1
World Phone Infrastructure services private ltd,1
MITHRIL TELECOMMUNICATIONS PVT. LTD.,1
IAXN Telecom Pvt. Ltd.,1
Beihai,1
Digiway Net Pvt Ltd,1
Fiberlink Communication Pvt. Ltd.,1
TLSOFT,1
Tgn Networks Private Limited,1
BOW LLC,1
MyanmarAPN,1
PT Centronet Data Indonesia,1
CAFE-7040,1
7 Star Telecom (Private) Limited,1
Universe Action Limited,1
Om Internet Broadband Service,1
Nearoute Limited.,1
Swip Wifi Network Private Limited,1
Badan Nasional Penanggulangan Terorisme,1
OREL I T Private Limited,1
CHAKDAHA CABLE AND BROADBAND PRIVATE LIMITED,1
"SIS Laboratory, LLC",1
Virtual infrastructures Ltd.,1
MEDIANET INVEST AE,1
FIBRAWORLD TELECOM S.A.U.,1
PE Fedinyak Sergey Vyacheslavovich,1
Atrin Information & Communications Technology Company PJS,1
SERV.HOST GROUP LTD,1
Genc BT Bilisim Teknolojileri Limited Sirketi,1
Groupe LWS SARL,1
NPO G-net,1
YUNUS EMRE ATILGAN trading as POYRAZ HOSTING,1
NexGen Cloud Ltd,1
ONLINE SERVER TELEKOMUNIKASYON LIMITED SIRKETI,1
Ateky Internet Eireli Me,1
SAMM TECNOLOGIA E TELECOMUNICACOES S.A,1
PROVALE SCM LTDA,1
NOVELTY TELECOM LTDA,1
ENTERNET PROVEDOR LTDA - ME,1
Oni Serviço de Comunicação e Multimídia Ltda,1
DIAZ MARCELA ALEJANDRA(PATAGONIA DIGITAL),1
DBS TELECOM EIRELI - ME,1
Fourlink Telecom Serviços de Telecomunicações Ltda,1
SPACY NET,1
Internet Tecnologia Ltda,1
BANTEL SAC,1
CONECT ISP - SERVICOS DE COMUNICACAO MULTIMID LTDA,1
COPATEL SERVICOS DE TELECOMUNICAÇÕES LTDA,1
X99 INTERNET,1
Metrofibre Networx,1
NetOne Cellular (Private) Limited,1
Virgin Islands Next Generation Network,1
Scott Technology Center,1
0x7c0 Labs LLC,1
