as_domain,Count
tencent.com,3534
digitalocean.com,2418
chinatelecom.com.cn,1126
chinatelecom.cn,798
alibabagroup.com,786
ovhcloud.com,489
chinaunicom.cn,455
kt.com,321
microsoft.com,268
colocrossing.com,226
contabo.com,204
aeza.net,201
idcloudhost.com,197
google.com,185
ucloud.cn,173
yisu.com,165
a.com,160
10086.cn,153
viettel.com.vn,151
baidu.com,150
zjtelecom.com.cn,135
,130
chinamobile.com,124
telstra.com.au,120
telefonica.com.br,116
telin.net,113
telmex.com,112
oracle.com,103
amazon.com,98
ct1000.com,95
hinet.net,80
hetzner.de,71
zwiebelfreunde.de,69
comcast.com,68
asiatech.ir,67
skbroadband.com,66
ionos.com,64
ksyun.com,61
vnpt.vn,60
linode.com,59
uplus.co.kr,57
tm.com.my,55
lguplus.co.kr,55
telecom.com.ar,55
rt.ru,55
bsnl.co.in,53
frantech.ca,52
arvancloud.ir,50
godaddy.com,50
vnpt.com.vn,49
airtel.com,49
huaweicloud.com,48
telecomitalia.com,47
scaleway.com,47
charter.com,47
telekom.de,42
netvigator.com,42
telefonica.com.ar,40
vilnet.net,39
claro.com.co,39
airtel.in,39
multacom.com,38
greenweb.ir,36
megacore.net,36
ctgserver.net,36
cloudbackbone.net,36
vodafone.de,35
189.cn,34
actcorp.in,34
claro.com.br,34
unmanaged.uk,33
algartelecom.com.br,33
pq.hosting,32
jio.com,31
uenr.edu.gh,29
gmo.jp,29
play2go.cloud,29
thegigabit.com,29
networksolutions.com,27
tele2.se,27
att.com,27
orange.com,27
cloudhost.asia,26
selectel.com,26
virtuo.host,25
bkm.uz,25
fpt.vn,25
serveroffer.lt,24
nubes-llc.com,24
cloudflare.com,24
timeweb.ru,24
entel.bo,23
windtre.it,23
ntt.com,23
cnservers.com,23
mytgts.com,23
phaselayer.com,22
z.com,22
ps.kz,22
it7.net,22
ethiotelecom.et,22
ertelecom.ru,22
hkbn.net,22
htuidc.com,21
neevcloud.com,21
hulum.iq,21
exabytes.co.id,21
iforte.co.id,21
emirates.net.ae,21
claro.com.ar,21
free.fr,20
endurance.com,20
twnic.net.tw,20
pldt.com,20
liteserver.nl,19
rcp.pe,19
movistar.com.co,19
biznetnetworks.com,19
bta.net.cn,19
cantv.com.ve,19
zenlayer.com,19
webwerks.in,18
meo.pt,18
vtal.com,18
calyxinstitute.org,17
webyne.com,17
movistar.es,17
nn.gx.cn,17
teliacompany.com,17
une.com.co,17
te.eg,17
ishanitech.biz,17
cheapy.host,16
telefonica.de,16
tigo.com.py,16
vnnic.vn,16
spacex.com,16
changway.hk,16
digimobil.es,16
orange.es,16
shahrad.net,16
ekabi.net,15
frontier.com,15
3bb.co.th,15
dataforest.net,15
orange.pl,15
scloud.sg,15
bahnhof.se,15
rostelecom.ru,15
umos.ru,14
afranet.com,14
bangmod.cloud,14
ote.gr,14
railtelindia.com,14
longvan.net,14
tigo.com.bo,14
namecheap.com,14
hosteurope.de,14
tatatelebusiness.com,14
verizonbusiness.com,14
globconnex.com,14
netcup.de,14
emeraldonion.org,13
gthost.com,13
iam.net.ma,13
du.ae,13
hgc-intl.com,13
chosting.solutions,13
m247.com,13
ais.co.th,13
hkbnes.net,13
yandex.kz,12
jsinfo.net,12
cmctelecom.vn,12
bell.ca,12
sunrise.ch,12
kaopucloud.com,12
fastweb.it,12
mts.ru,12
telekom.hu,12
telus.com,12
cox.com,12
ptcl.com.pk,12
bkhost.vn,11
as1101.net,11
vipturbo.com.br,11
smileserv.com,11
quadranet.com,11
eskiz.uz,11
digiturunc.com,11
corbina.net,11
personal.com.py,11
ukraine.com.ua,11
as49870.net,11
proximus.com,11
axsbolivia.com,11
totalplay.com.mx,11
trueinternet.co.th,11
vodafone.it,11
xn.qh.cn,11
sakura.ad.jp,11
vps.ua,11
synlinq.de,11
sfr.fr,11
cat.net.th,11
ntplc.co.th,11
tci.ir,11
51idc.com,10
leapswitch.com,10
ukrtelecom.ua,10
bt.com,10
arosscloud.com,10
a1.net,10
paltel.ps,10
ntt-me.co.jp,10
telenor.no,10
aoiot.ru,10
haulmer.com,10
hostingdunyam.com.tr,10
bitcommand.com,10
worria.com,10
beeline.ru,10
hostinger.com,10
vaishnavionline.in,9
bkhost.com.vn,9
tim.com.br,9
time.com.my,9
telecentro.com.ar,9
qingcloud.com,9
rtcomm.ru,9
gtpl.net,9
cablevision.com,9
turktelekom.com.tr,9
pishgaman.net,9
ufinet.com,9
fanaptelecom.ir,9
21vbluecloud.com,9
i-servers.net,9
algerietelecom.dz,9
hip-hosting.com,9
netinternet.tr,9
unifique.com.br,9
first-server.net,9
ufanet.ru,9
orbi.ge,8
dgnteknoloji.com,8
bdren.net.bd,8
smartone.com,8
eastern.com.ph,8
csloxinfo.net,8
ows.us,8
convergeict.com,8
yandex.com,8
nhanhoa.com,8
seed.net.tw,8
parspack.com,8
chinatelecomglobal.com,8
csloxinfo.com,8
megafon.ru,8
isvc.vn,8
online.kz,8
globe.com.ph,8
redecompleta.com.br,7
nav.co,7
dfri.net,7
vodafone.hu,7
globaldata-cloud.com,7
hostodo.com,7
unitel.mn,7
ptco.net,7
lintasarta.net,7
megacable.com.mx,7
as41378.net,7
interserver.net,7
flokinet.is,7
netuno.net,7
slt.lk,7
vodafone.es,7
a1.hr,7
reg.ru,7
tataindicom.com,7
giganet.com.py,7
wifire.ru,7
bredband2.com,7
swisscom.ch,7
ctrls.in,7
kurun.com,7
kamatera.com,7
constant.com,7
moratelindo.co.id,7
lumen.com,7
videotron.com,7
sonynetwork.co.jp,7
hexatom.fr,6
kingsoft.com,6
upgris.ac.id,6
telecomarmenia.am,6
gfiber.com,6
unam.mx,6
mtnirancell.ir,6
tunisietelecom.tn,6
fareastone.com.tw,6
jobkey.vn,6
symphony.net.th,6
conahost.com,6
zamren.zm,6
packetexchange.eu,6
metrotel.com.ar,6
virtualine.org,6
telefonica.com.pe,6
vodafone.pt,6
1984.is,6
sonatel.com,6
safaricom.co.ke,6
amberit.com.bd,6
eolo.it,6
rainbownetworkbd.com,6
hostkey.com,6
telenet.be,6
mobinet.mn,6
alliancebroadband.co.in,6
gbnetwork.my,6
edpnet.be,6
ctm.net,6
optical.pe,6
shaw.ca,6
claro.com.do,6
desktop.com.br,6
zain.com,6
idstrategy.com.ua,6
optimum.com,6
windstream.com,6
cattelecom.com,6
consolidated.com,6
orange.co.il,6
vdsina.com,6
limestonenetworks.com,6
aeza.ru,6
doratelekom.com.tr,5
fasternet.com.br,5
h2.nexus,5
tmone.com.my,5
lpw.vn,5
emanuelhosting.info,5
grameen.com,5
bandwidth.co.uk,5
zgh.cl,5
cst.do,5
dotsrc.org,5
enet.net.in,5
proton66.ru,5
ekowebtech.net,5
dream-mark1.co.kr,5
wubiyun.com,5
spd-mgts.ru,5
movistar.cl,5
rnp.br,5
cogeco.com,5
menaksopal.net.id,5
azza.net.br,5
liggatelecom.com.br,5
softbank.jp,5
ntc.net.np,5
bytedance.com,5
hostin.cc,5
orange.ro,5
vee.com.tw,5
ioh.co.id,5
parsvds.net,5
rdp.sh,5
aurologic.com,5
silknet.com,5
inwi.ma,5
koddos.net,5
etb.com,5
ziplyfiber.com,5
tino.org,5
kddi.com,5
alestra.com.mx,5
bouyguestelecom.fr,5
ttk.ru,5
tatacommunications.com,5
ods.vn,5
nearoute.io,5
bkns.vn,5
cogentco.com,5
baxetgroup.com,5
syriantelecom.sy,5
cyber.net.pk,5
pfcloud.io,5
plniconplus.co.id,5
btc.bw,4
kagoya.com,4
hostrush.com,4
inet.net.id,4
atlantisnet.com.tr,4
idata.vn,4
hondutel.hn,4
htp.net,4
cloudferro.com,4
rieder.net.py,4
ngsnet.net,4
dedioutlet.com,4
interdigi.info,4
fly.net.id,4
mts.by,4
ttcl.co.tz,4
hawetelekom.com,4
virgoiig.com,4
xserver.co.jp,4
codetechnology.com,4
windstreamcommunication.net,4
indra.vn,4
pern.edu.pk,4
mevspace.com,4
avabarid.com,4
vodafone.com.eg,4
benintelecoms.bj,4
privex.io,4
mario.gdn,4
dadepardazimobin.com,4
maxis.com.my,4
telecom.tm,4
valenet.com.br,4
interzet.ru,4
tzulo.com,4
datahub.com.np,4
websurfer.com.np,4
velia.net,4
excitel.com,4
tcloudnet.net,4
lanit.com.vn,4
m1.com.sg,4
vodafone.nl,4
myrepublic.net,4
bdcom.com,4
entel.cl,4
gir.network,4
windnet.com.py,4
publicdomainregistry.com,4
transip.nl,4
moack.co.kr,4
latitude.sh,4
tpgtelecom.com.au,4
nichost.ru,4
158.hk,4
nybula.com,4
inet.co.th,4
virginmedia.com,4
wateen.com,4
serverhub.com,4
galaxygate.net,4
blazenet.biz,4
emcali.com.co,4
gtd.cl,4
vpsttt.com,4
myanmaposts.net.mm,4
cableone.biz,4
turk.net,4
rackspace.com,4
respina.net,4
vietserver.vn,4
nls.kz,4
colocationx.com,4
ruvds.com,4
blnwx.com,4
stpi.in,4
multi.net.pk,4
telsur.cl,4
worldphone.in,4
wiit.cloud,4
topnet.tn,4
akari.net,4
baxet.ru,4
verointernet.com.br,4
t-mobile.at,4
cloudeka.id,4
ztv.su,4
leaseweb.com,4
tehranserver.ir,4
sifycorp.com,4
airenetworks.es,4
clouding.io,4
layerstack.com,4
xorek.cloud,4
a1.bg,4
cableonda.com,4
biznetgio.com,4
qnax.sh,4
laser.ir,4
cittatelecom.com.br,3
netiface.net,3
spinservers.com,3
gnet.mn,3
ufovps.com,3
pixelrevs.com,3
dataparadise.net,3
A1.by,3
netutils.io,3
vk.company,3
horizonstelecom.com,3
teleleste.com.br,3
entertelecom.com.br,3
home.pl,3
talktalkgroup.com,3
utl.co.ug,3
gcccloud.com,3
abstract.fi,3
21cn.com,3
hmcommunicationbd.com,3
makassarkota.go.id,3
conectprime.net.br,3
coloup.com,3
dsi.net.br,3
allo.my,3
gwave.in,3
novusnetworkbd.com,3
systematic.ru,3
ternet.or.tz,3
exe.vn,3
i-cable.com,3
infotec.com.mx,3
emagineconcept.com,3
idigitalcamp.com,3
asthanetworks.com.bd,3
galanet.com.ve,3
servetheworld.net,3
kbro.com.tw,3
lvsolution.vn,3
umniah.com,3
izzi.mx,3
orange.ma,3
olimp.ua,3
daou.co.kr,3
jinx.cloud,3
serverclick.com,3
hathway.net,3
onebroadband.in,3
novotelecom.ru,3
ewebguru.com,3
microhost.com,3
flytectelecom.com.py,3
uni.net.th,3
aljeel.ly,3
gmedia.id,3
milesweb.com,3
tiscali.it,3
maishabd.net,3
mediaserv.com,3
terabit.net.id,3
wowway.com,3
hostdime.com,3
irandata.ir,3
goodline.info,3
myrepublic.co.id,3
aussiebroadband.com.au,3
global.ntt,3
webrocket.pro,3
rainbowisp.in,3
holycloud.fr,3
osirnet.com.br,3
renu.ac.ug,3
connectzone.in,3
mainone.net,3
serverastra.com,3
phoenixnap.com,3
tisp.com,3
wefe.in,3
hosteons.com,3
grnet.gr,3
dialog.lk,3
onehostplanet.com,3
airnet.uz,3
serverion.com,3
hostway.co.kr,3
harmony-hosting.com,3
tikona.in,3
magnates.co.za,3
hostafrica.co.za,3
idknet.com,3
1und1.net,3
telconet.ec,3
stargatebd.com,3
xn.net,3
iprimus.com.au,3
sharif.ir,3
turkcell.com,3
cnt.gob.ec,3
vectra.pl,3
aruba.it,3
shatel.ir,3
lghellovision.net,3
ucom.am,3
omc.co.il,3
tube-hosting.com,3
packet.com,3
adman.com,3
carnival.com.bd,3
tbc.net.tw,3
khalijserver.com,3
as979.net,3
nttpc.co.jp,3
iomart.com,3
kaztranscom.kz,3
uih.co.th,3
readyidc.com,3
melbicom.net,3
cdsglobalcloud.com,3
preciousnetcom.in,3
apjii.or.id,3
avatel.es,3
cloud.ru,3
openfiber.it,3
sky.com,3
beltelecom.by,3
t-systems.de,3
pelephone.co.il,3
iplan.com.ar,3
mundivox.com,3
t-mobile.com,3
soon.com.ar,3
chartercom.com,3
hostwinds.com,3
azinkia.ir,3
nuxt.cloud,3
hkt-enterprise.com,3
as3491.net,3
o2.cz,3
telecom.mu,3
skynet.ru,3
hostiran.net,3
hosthatch.com,3
yotta.com,3
romarg.ro,3
hotnet.net.il,3
manageit.ir,3
vodafone.cz,3
plusnet.de,3
etisalat.com.eg,3
interfast.net.id,2
nexeon.com,2
awm.do,2
zeop.net,2
nbiserv.de,2
tuthost.com,2
kubtel.ru,2
visalink.com.br,2
vpshosting.com.hk,2
micronova.in,2
megadata.net.id,2
anlian.hk,2
reisnet.in,2
cubiespot.net.id,2
rupganjonline.com,2
hostslim.eu,2
opendatacenter.com.br,2
malagueno.gob.ar,2
totustelecom.com.br,2
rogers.com,2
camtel.cm,2
americatelnet.com.pe,2
agni.com,2
locaweb.com.br,2
telnet.com.bd,2
damamax.jo,2
sdec.com.my,2
blueskynetwork.in,2
c32broadband.com,2
antboxnetwork.com,2
upnvj.ac.id,2
artaknet.com,2
opensol.net,2
taiwanmobile.com,2
orange.sk,2
superonline.net,2
korbank.pl,2
host.it,2
wuzhouhulian.com,2
yahoo.co.id,2
knownsrv.com,2
ungs.edu.ar,2
ksnet.com.br,2
uol.com.br,2
cwpanama.net,2
zetservers.com,2
astana-energy.kz,2
gibir.net.tr,2
pp.ru,2
paranaweb.com.br,2
optimum.net,2
almadar.ly,2
globalconnect.no,2
multipolar.co.id,2
king-servers.com,2
redel.com.br,2
netlab.it,2
sintercom.com.br,2
sondercloud.com,2
backwaves.net,2
private-hosting.eu,2
tvzamora.com,2
gov.hu,2
racsa.co.cr,2
philcom.com,2
asianetbroadband.in,2
telenor.se,2
aitlbd.com,2
vtc.vn,2
ug-tele.com,2
individual.com,2
tripleplay.in,2
he.net,2
claro.com.pe,2
dolphintelecom.net,2
inova.net.id,2
vodafoneidea.com,2
zencurity.dk,2
bharatdatacenter.com,2
gizanetwork.com,2
sitesblog.com,2
cloud4network.net,2
minhanewlife.com.br,2
famnettelecomunicacoes.com.br,2
t-mobile.pl,2
acs.ao,2
vltele.com,2
ntx.ru,2
rally.ca,2
athamedia.net,2
dulieuaz.vn,2
citynet.uz,2
euskaltel.es,2
bol.net.in,2
as18186.com,2
bolignet-aarhus.dk,2
rankstelecom.net,2
interlink.net.id,2
sctv.co.id,2
connectel.com.pk,2
cirebonkab.go.id,2
teknix.cloud,2
vuenow.live,2
bitel.com.pe,2
softnet.co.tz,2
tc.com.kh,2
a1.si,2
datawagon.com,2
arsat.com.ar,2
vayutel.com,2
writerinformation.com,2
digisuccess.vn,2
urdn.com.ua,2
time-host.net,2
cactoshospedagem.com.br,2
arnes.si,2
telstraglobal.com,2
optus.com.au,2
vivacom.bg,2
ewe.com,2
nextonline.com.bd,2
netia.pl,2
wilhelm-tel.de,2
bestel.com.mx,2
inmotionhosting.com,2
powertel.co.id,2
mc.net.co,2
linktelcorp.com,2
lysekonsern.no,2
wholesaleinternet.net,2
seacom.com,2
mekongnet.com.kh,2
nextgenwebs.es,2
interconnects.us,2
mtw.ru,2
jastel.co.th,2
digitalpacific.com.au,2
hyperoptic.com,2
intechonline.net,2
arsenet.co.id,2
upcspl.in,2
aninetwork.in,2
oks.llc,2
hostlab.com,2
unesty.net,2
inethn.com,2
tynahost.com,2
datagroup.ua,2
elim.net,2
cbn.id,2
accenture.com,2
triolan.com,2
buckeyecablesystem.com,2
claro.com.gt,2
excellmedia.net,2
ifxnetworks.com,2
2degrees.nz,2
delta-telecom.net,2
liquidtelecom.com,2
nktv.info,2
starnet.md,2
hkt.cc,2
sattrakt.com,2
veesp.com,2
sollutium.com,2
ehostidc.com,2
nkn.gov.in,2
bedge.com,2
cinternetbycat.com,2
vbctv.in,2
tataplayfiber.com,2
falconet.in,2
datacamp.co.uk,2
arteria-net.com,2
xtom.com,2
farlep.net,2
pccw.com,2
inea.pl,2
cetin.rs,2
so-net.net.tw,2
beeline.kz,2
alphalink.fr,2
tattelecom.ru,2
gloworld.com,2
lanet.ua,2
glesys.com,2
simcentric.com,2
a2hosting.com,2
jlm.net.id,2
hsp.net.id,2
interdata.vn,2
spacecore.pro,2
nexserv.de,2
ipvolume.net,2
oxio.ca,2
riu.edu.ar,2
irideos.it,2
ono.es,2
maxnet.ru,2
kinx.net,2
laotel.com,2
cndata.com,2
sktelecom.com,2
myren.net.my,2
telone.co.zw,2
metfone.com.kh,2
yokozunanet.mn,2
ezecom.com.kh,2
iq.group,2
aminidc.com,2
ccc.co.il,2
axarnet.es,2
globalnet.com.mm,2
dolphinhost.net,2
brasiltecpar.com.br,2
souuni.com,2
telekom.si,2
almatel.ru,2
nibtv.co.kr,2
zen.co.uk,2
localtel.net,2
adista.fr,2
digi.hu,2
donweb.com,2
comteco.com.bo,2
gigenet.com,2
neterra.net,2
netatonce.se,2
itc.net.sa,2
tvcabo.ao,2
kenet.or.ke,2
sharktech.net,2
mobinnet.net,2
stc.com.bh,2
corpiconet.com.ar,2
cyxym.net,2
scalaxy.com,2
hkcloudx.com,2
topidc.hk,2
netforchoice.com,2
neconnect.in,2
vcore.network,2
sunucun.com.tr,2
nos.pt,2
alternativenetworks.com,2
twmbroadband.com,2
cloudie.hk,2
1-grid.com,2
maghost.eu,2
3hcloud.com,2
k2.cloud,2
itools.mn,2
hostuniversal.com.au,2
servers.com,2
init7.net,2
t-mobile.cz,2
youbroadband.in,2
esited.com,2
aptg.com.tw,2
velo.co.id,2
gigamaisempresas.com.br,2
digicelgroup.com,2
skylink-data-center.nl,2
next-gen.ro,2
cldin.eu,2
oneprovider.com,2
incognet.io,2
solia.cloud,2
ihc.host,2
asahi-net.jp,2
plus.net,2
bezeqint.net,2
mcmtelecom.com,2
balt.net,2
hotwirecommunication.com,2
opendns.com,2
fanava.net,2
sin.net.cn,2
datalix.de,2
hanming.com,2
ired.net.br,2
cernet.edu.cn,2
scs.co.kr,2
uninet.net.id,2
starhub.com,2
cleura.com,2
milkywan.fr,1
bekkoame.co.jp,1
ht.hr,1
interhop.net,1
sewan.fr,1
elcat.kg,1
idm.net.lb,1
is.co.za,1
voxtelecom.co.za,1
cotelcam.com.ar,1
krystal.uk,1
talktalkplc.com,1
comcor.ru,1
equinix.com,1
interhost.com,1
netlan-bg.com,1
akoit.ir,1
ntc.net.pk,1
wicam.com.kh,1
bijoy.net,1
transfer.kg,1
tvcabo.mz,1
ibw.com.ni,1
reytel.hn,1
predialnet.com.br,1
telekabel.bg,1
ipnxnigeria.net,1
idealhosting.net.tr,1
assertive.ca,1
proc.ru,1
dimensiondata.com,1
ikb.at,1
liquidweb.com,1
singlehop.com,1
atman.pl,1
vyvebroadband.com,1
rsaweb.co.za,1
econet.bi,1
dds55.com,1
worldcall.com.pk,1
server.ir,1
mivitec.de,1
evanzo.de,1
antik.sk,1
otktv.net,1
smsnet.pl,1
fibia.dk,1
quasardata.com,1
mannet.ru,1
spadana.net,1
dedic64.ru,1
hostmaster.uz,1
ooredoo.om,1
odido.nl,1
di-di.ru,1
skystark.net,1
internetflex.com,1
ciktel.com,1
uns.ac.id,1
esvz.ru,1
argonhost.com,1
wireline.com.au,1
kaopuyun.com,1
tnext.ca,1
startelecom.ca,1
solonet.net.id,1
connect.net.pk,1
tiss.edu,1
uniquenetdigitals.com,1
dlgtpl.net,1
transworld-home.com,1
ehost.com.vn,1
intek.net.id,1
herza.id,1
idb.com.vn,1
baiknet.web.id,1
milenetwork.co.id,1
khazanapk.com,1
sccnetwork.in,1
solvethenetwork.com,1
congnghe4s.com,1
99itbd.com,1
utelecom.com.ua,1
schneider-group.com,1
wiknet.pl,1
nortis.pl,1
team-host.ru,1
serv-tech.ru,1
poshtvarserver.com,1
edgecenter.ru,1
rosa-holidays.com,1
mahditasa.com,1
summarc.com,1
din-server.dk,1
wavetelecom.com.br,1
fibramax.ec,1
bmsolucionessrl.com.ar,1
lifeinternet.com.br,1
nuvio.com.br,1
rvconnect.com.br,1
solutti.net,1
netcentertelecom.net.br,1
libyanelite.com,1
ispcluster.com,1
veloxserv.co.uk,1
uba.ar,1
netfront.net,1
libertyglobal.com,1
cyta.com.cy,1
colt.net,1
telia.lt,1
indonet.co.id,1
homeplus.net.tw,1
magix.com.sg,1
neocomisp.com.kh,1
wavebroadband.com,1
gilat.net,1
tech.ru,1
redcentricplc.com,1
cm.com,1
masmovil.es,1
worldlink.com.np,1
gigared.com.ar,1
cnti.gob.ve,1
imos.net,1
firstmedia.com,1
skybroadband.com.ph,1
netnam.vn,1
super.net.pk,1
datautama.net.id,1
avantel.ru,1
cloudnium.net,1
vogeltelecom.com,1
megalinkinternet.com.br,1
novvacore.com,1
under.com.br,1
gnet.es,1
orange.ci,1
hivelocity.net,1
tmcel.mz,1
tele-plus.ru,1
komitex.net,1
digiweb.ie,1
uzsci.net,1
smartsystems.gr,1
eldata.cz,1
abissnet.al,1
beeksfinancialcloud.com,1
fibergride.com,1
exepto.ru,1
intercom.tj,1
firstcolo.net,1
ldp.net.id,1
gunadarma.ac.id,1
pskovline.ru,1
k-itv.ru,1
ictbulut.com,1
ava-host.com,1
thordc.is,1
aspirets.com,1
bilink.com.br,1
idctelecom.com.br,1
unesp.br,1
beon.co.id,1
vidikon.tv,1
suraloka.com,1
toob.co.uk,1
innovahosting.net,1
heymman.com,1
unrealservers.net,1
antbd.net,1
khetanisp.com,1
mnetconnect.com,1
digitalcloudtech.in,1
mcnbd.com,1
fibronet.in,1
scpl.pk,1
irinn.in,1
dishawaves.com,1
kalpavruksha.net.in,1
medhahosting.com,1
axntechnologies.in,1
31.com.hk,1
nextgenonlinebd.com,1
tunaslink.co.id,1
unram.ac.id,1
eranyacloud.com,1
dexserver.com,1
3stech.com.vn,1
pdt.co.id,1
xnetwork.net.id,1
misaka.email,1
weservit.nl,1
beget.com,1
3data.ru,1
contact.bg,1
castlegem.com,1
miranda-media.ru,1
hytron.io,1
meganet.kz,1
ml.cloud,1
miti2000.net,1
itp-solutions.de,1
ipconnect.services,1
abkhazmedia.ru,1
fibranet.com.ar,1
dtel.com.br,1
rapeedo.com.br,1
sol.com.py,1
transdados.com.br,1
newoeste.com.br,1
firenettelecom.com.br,1
terabit.com.br,1
suprinettelecom.net.br,1
plug-telecom.com,1
n3solucoes.com,1
proyectosglobales.com,1
navexinternet.com.br,1
simbanet.co.mw,1
africaoncloud.net,1
dot-tech.net,1
ipv4fb.com,1
rediris.es,1
ipxo.com,1
ico.net,1
exabytes.cloud,1
lankacom.net,1
teksavvy.com,1
telekom.sk,1
unicaja.es,1
cnt.ru,1
nasstar.com,1
freebit.com,1
unn.com.bn,1
fiberalley.com,1
amres.ac.rs,1
m1net.com.sg,1
bt.bt,1
teraswitch.com,1
ioinc.us,1
btes.net,1
belairinternet.com,1
nwi.com.br,1
net-rosas.com.br,1
eljawal.mr,1
telecel.com.gh,1
spacenet.ru,1
sibset.ru,1
matrixtelecoms.com,1
angolacables.co.ao,1
orient-telecoms.com,1
comvive.es,1
chuvashia.ru,1
nforce.com,1
slovanet.net,1
tre.se,1
interprov.ru,1
kct.net.ua,1
hostmaze.com,1
ihs.com.tr,1
starltd.net,1
global-layer.com,1
gnc.am,1
telecom.ru,1
isimtescil.net,1
natcom.com.ht,1
servermania.com,1
bbnl.co.in,1
earth.net.bd,1
point.online,1
bredbandsson.se,1
net.ru,1
dedicated.com,1
tpcoms.vn,1
dodo.ad.jp,1
opennet.com.kh,1
wng.net.id,1
desivps.com,1
net4uservices.com,1
techhost.vn,1
ddbroadband.in,1
ptmetro.com,1
bbl.net.bd,1
grandbo.com.ph,1
aitcpl.com,1
belitungtimurkab.go.id,1
apexhost.com.au,1
t2net.id,1
qlhost.cc,1
aloi.net.id,1
nixi.in,1
tejarat.co.in,1
reddotdigitalit.com,1
logosys.cloud,1
azvip.vn,1
antoandulieu.com,1
iws.co,1
hostgnome.com,1
internetbilisim.net,1
hosttech.eu,1
markahost.com.tr,1
eurobyte.ru,1
golden.net.ua,1
adminvps.ru,1
nshost.ro,1
c1vhosting.it,1
mahallat.net,1
securitycode.ru,1
len-srl.it,1
abrbaranidc.ir,1
server-21.ru,1
bandaturbo.com.br,1
nubenet.com.ar,1
netmania.tec.br,1
urupesnet.com.br,1
megalinkpiaui.com.br,1
citro.mx,1
tvcablesur.cl,1
wirenetchile.com,1
datacentrics.com.br,1
newconnectpe.com.br,1
dualnet.net.br,1
superredes.co,1
isplinkdigital.com.br,1
cnpj.biz,1
apntelecom.com,1
iij.ad.jp,1
egregistry.eg,1
beanfield.com,1
uran.ru,1
strato.de,1
dstny.com,1
westcall.ru,1
akado-telecom.ru,1
cooolbox.bg,1
etllao.com,1
invitech.hu,1
sunline.com.ua,1
tet.lv,1
three.ie,1
nexlinx.net.pk,1
datamation.co.id,1
topmso.com.tw,1
viewqwest.com,1
telefonica.com.ec,1
stc.com.sa,1
unitelco.com.br,1
tigo.com.co,1
ielo.net,1
nine.ch,1
fdcservers.net,1
globus-telecom.com,1
g-service.ru,1
netorn.ru,1
teleservice.net,1
magic.fr,1
vodacom.co.tz,1
kkontech.com,1
hinet.net.vn,1
sepanta.com,1
iconnet.kz,1
fullsave.com,1
voe.ch,1
lanta-net.ru,1
svea.net,1
castles.pro,1
basistech.ru,1
fornex.com,1
servenet.co.th,1
krol.in,1
tookan.tech,1
zeusnet.ua,1
iskratelecom.net,1
pronet.bg,1
stockholmsstadsnat.se,1
prodepa.pa.gov.br,1
hostdime.com.br,1
eveo.com.br,1
metrocomm.com,1
zillionnetwork.com,1
kdtidc.com,1
tom-net.pl,1
telkomcel.tl,1
binaryracks.com,1
rixhost.lv,1
unand.ac.id,1
azdigi.com,1
shanxitele.com,1
glovine.com.au,1
mammoth.com.au,1
r2net.in,1
internetathome.net,1
paradisetele.com,1
teknovatus.com,1
netclues.com,1
radinet.in,1
gcpl.com,1
npisp.pk,1
hkdns.hk,1
xlaxiata.co.id,1
usdc.vn,1
ftech.vn,1
nz-network.co.th,1
opto.net.in,1
green.cloud,1
gitelenet.com,1
clouddatatechnology.com,1
naukanet.ru,1
dimensione.com,1
eugamehost.com,1
ssnet.eu,1
openinfra.com,1
cyberse.de,1
sky.it,1
fotbo.com,1
fyfeweb.com,1
iv.lt,1
proxxima.net,1
dwsi.pt,1
metrowirelesscr.com,1
interlig.com,1
matek.inf.br,1
serrasultelecom.com.br,1
sconfibras.com.br,1
cwmc.com.br,1
vps.guru,1
azarititelecom.com.br,1
gafibra.com.br,1
internetccom.net,1
fiberfix.pe,1
gnetworkve.com,1
nkponani.com,1
clickfiber.co.ke,1
rocketnode.com,1
ctenterprises.org,1
veilios.com,1
cellcom.co.il,1
alcom.ax,1
penteledata.net,1
iinet.net.au,1
nsc.ru,1
hostus.us,1
chinaunicomglobal.com,1
topica.mn,1
nettlinx.com,1
sonoranservers.com,1
matrix.net.br,1
midco.com,1
novafibratelecom.com.br,1
midrivers.com,1
ghostnet.de,1
viawest.com,1
columbus.te.ua,1
brightspeed.com,1
iptel.by,1
tecnoera.com,1
reliablesite.net,1
telkomsel.com,1
ranksitt.net,1
telenet.lv,1
cra.cz,1
tel.ru,1
hqserv.co.il,1
hcltechnologies.com,1
gva.africa,1
afri-com.net,1
xneelo.co.za,1
learn.ac.lk,1
hostpapa.com,1
edi-indonesia.co.id,1
vianet.com.np,1
blazingfast.io,1
dtln.ru,1
webdade.com,1
tic.ir,1
mabnatelecom.com,1
mada.ps,1
enixltd.com,1
blz.net.br,1
osconnect.com.br,1
f1solutions.com.br,1
teninternet.com.br,1
managedway.com,1
chickamaugatelephone.net,1
fibercomm.net,1
skyline.net.id,1
faraso.org,1
nano.uz,1
infinyscloud.com,1
infomaisnet.com,1
runexis.ru,1
szerverplex.hu,1
snel.com,1
cyberwaybd.com,1
mobifone.vn,1
7stardigitalnetwork.com,1
rackbank.com,1
ximbo.com,1
apnic.net,1
elyzium.co.in,1
inspirebroadband.net,1
vndata.vn,1
beenet.id,1
ometanet.com,1
jimathosting.com,1
globalsecurelayer.com,1
mangkone.com,1
abhinawanetwork.com,1
csne.co.th,1
stl-bd.net,1
udc.hk,1
qtime.net.in,1
l1v.co.id,1
desktopip.com,1
progenet.com.my,1
inspirenetworksolution.com,1
pioneer.co.in,1
airlink.co.id,1
cigs.co.id,1
myklnet.com,1
giga-com.pl,1
bytevirt.com,1
intercom.it,1
alphavps.com,1
inetvdom.ru,1
mazenhost.com,1
sbcloud.ru,1
goodhost.kz,1
royalehosting.net,1
example.com,1
hostingturkiye.com.tr,1
nktele.com,1
ateltelecom.com.br,1
bsdnetwork.com.br,1
atenasnetworks.com.br,1
vett.com.br,1
hypertelecom.net.br,1
g3pi.com.br,1
retis.com.br,1
iconnect.eng.br,1
primatectelecom.com.br,1
viuinternet.com.br,1
vibenet.net.br,1
maxnetisp.com.br,1
btecdns.net.br,1
sidbrasil.com.br,1
trefoilnetworks.com,1
hamiltel.com,1
justg.com,1
dfn.de,1
aapt.com.au,1
subisu.net.np,1
spark.co.nz,1
idcf.jp,1
telepermit.co.nz,1
cincinnatibell.com,1
primustel.ca,1
comsats.net.pk,1
spectra.co,1
hanbat.ac.kr,1
voo.be,1
globalconnect.se,1
coolnet.ps,1
aknet.kg,1
sdncommunications.com,1
sandvikenenergi.se,1
fasttelco.com,1
puntonet.ec,1
nusa.net.id,1
forpsi.com,1
servarica.com,1
worldnet.psi.br,1
fiord.net,1
infomaniak.com,1
foliateam.com,1
mosline.ru,1
procloud.ru,1
pro-internet.pl,1
telecolumbus.com,1
sprinthost.ru,1
infolink.ru,1
satconet.com,1
powertel.co.zw,1
icta.go.ke,1
fon.co.ke,1
hormuud.com,1
orange.tn,1
inetvl.ru,1
artus.net.pl,1
gtnet.ru,1
jahanonline.com,1
crystaltelecom.co.rw,1
scts.tv,1
oss-ab.net,1
latechco.com,1
velonet.com.ar,1
lagosnetminas.com.br,1
br27.com.br,1
multpontostelecom.com.br,1
nextevoce.com.br,1
cloudddos.com,1
vhost.vn,1
123host.vn,1
sauron.cz,1
sevtelecom.ru,1
coriolis-telecom.fr,1
bursabil.com.tr,1
wima.ac.id,1
nipa.cloud,1
tele-asia.net,1
fiberx.co.in,1
aijiasu.com,1
patikab.go.id,1
siqes.com,1
cacloud.net.cn,1
dataprime.net.id,1
turingidc.com,1
linkgo.co.id,1
uinbanten.ac.id,1
wsnlbroadband.in,1
megatelnetworks.in,1
hkbeecloudsystem.com,1
wolast.com,1
multireach.net,1
isatel.tj,1
fastvps.ee,1
wap.ac,1
xelent.ru,1
alexhost.com,1
verdina.net,1
lds.online,1
ccinternet.cz,1
normasrl.com,1
rasana.net,1
veganet.com.tr,1
feelb.io,1
novinhost.org,1
mairnet.it,1
elafalrafideen.net,1
marbell.com,1
anonvm.wtf,1
indanet.com.br,1
vnet.com.ve,1
fibernetcr.com,1
l3networks.com.br,1
equatorialtelecom.com.br,1
digitusinfo.com.br,1
dnetbrasil.com.br,1
interyatv.com,1
futuranettelecom.com.br,1
softelecom.com.br,1
nextnet.pe,1
charackwaves.org.pe,1
becfiber.com,1
prtcnet.org,1
cyberplanet.net,1
zayo.com,1
burbankca.gov,1
iway.ch,1
m-net.de,1
adamant.ua,1
ohost.bg,1
dlive.kr,1
liwest.at,1
melita.com,1
xtrim.com.ec,1
danskkabeltv.dk,1
salt.ch,1
swoop.com.au,1
abn.co.kr,1
enzu.com,1
cinia.fi,1
trac.africa,1
mykris.net,1
cmtietong.com,1
init.lt,1
vinnitsa.com,1
cyfra.ua,1
etcnow.com,1
navega.com,1
firstlight.net,1
nodocoop.com.ar,1
superconectados.ar,1
brisanet.com.br,1
netone.com.br,1
all.com.br,1
orionnet.ru,1
system.it,1
partdp.ir,1
layer7.net,1
teledataict.com,1
unitel.ao,1
sonitel.ne,1
iclix.co.za,1
adntel.com.bd,1
maxindo.net.id,1
hns.net.in,1
abcle.co.kr,1
sysconinfoway.com,1
fortex.ru,1
skytel.ge,1
cosys.cc,1
hostkey.ru,1
fastalp.it,1
mirhosting.com,1
polcom.com.pl,1
adc.net.ar,1
infobarra.net.br,1
cinte.com.br,1
raksmart.com,1
techminds.com.np,1
on-telecom.ru,1
ito.gov.ir,1
parsonline.com,1
wdstelecom.com.br,1
nortenettelecom.net,1
mazedanetworks.net,1
smartmedia.net.id,1
gmogshd.com,1
soipl.co.in,1
sikkanet.com,1
elxer.com,1
netplus.co.in,1
adarshinfosolutions.net,1
unhas.ac.id,1
telecom.tw,1
mastekinfosys.com,1
allcloud.cc,1
packethub.tech,1
telcomaster.com,1
idcicp.com,1
kulonprogokab.go.id,1
yecaoyun.com,1
deshnetbd.com,1
scdgroup.com.vn,1
pronet.id,1
lca.co.id,1
cdnnet.id,1
subnet.net.id,1
alnet.id,1
idsbangladesh.net,1
wedos.cz,1
yarnet.ru,1
feromedia.net,1
unicon.uz,1
s-host.com.ua,1
zbs.cloud,1
afrarasa.com,1
maxko-hosting.com,1
netweb.com.tr,1
prolink.mk,1
verdenet.net.br,1
bsd.com.br,1
texnet.com.br,1
austrointernet.cl,1
deltainformaticaup.com.br,1
jmtelecom-al.com.br,1
somaliren.org,1
mctv.co.tz,1
konza.go.ke,1
0539.cc,1
healthedge.com,1
transunion.ca,1
poka.com,1
elitework.com,1
atomicnetworks.co,1
nic.ad.jp,1
interlink.com.ua,1
tdcgroup.com,1
rit.edu,1
net-minders.com,1
nfx.cz,1
eviny.no,1
hcn.co.kr,1
kw.ac.kr,1
reconn.ru,1
instavps.com,1
xentain.com,1
nfrance.com,1
kyivstar.ua,1
sourcetelecoms.com.ph,1
enviatel.de,1
americantower.com.br,1
transhybrid.net.id,1
opcnet.hu,1
escom.bg,1
cotas.com,1
mhnet.com.br,1
telbrax.com.br,1
sater.com.ua,1
3s.pl,1
1prime.ru,1
congotelecom.cg,1
cvtelecom.cv,1
naver.com,1
hust.edu.vn,1
hypernet.co.id,1
m9com.ru,1
mivocloud.com,1
turnkeyinternet.net,1
abaks.pl,1
hosting.ua,1
ttc.kz,1
istranet.ru,1
neotelecom.kg,1
guzel.net.tr,1
transtelecom.net,1
u-lan.ru,1
ip-projects.de,1
jumpnetcorp.com.ar,1
level27.be,1
turbonettelecom.com.br,1
spectraip.net,1
247rack.com,1
mag.net.id,1
upnyk.ac.id,1
race.net.bd,1
indonesiaport.co.id,1
e2enetworks.com,1
neocomisp.com,1
spiderlink.in,1
navercorp.com,1
multinet.com.pk,1
catlabroadband.in,1
adsota.com,1
ngcbroadband.com,1
hansinit.com,1
satellitenetcom.in,1
paas.id,1
hostzop.com,1
skynetbn.com,1
starcomm.biz,1
dewabiz.com,1
winet.net.id,1
brownarc.in,1
vncdata.com,1
ptindotek.co.id,1
teleindianetworks.com,1
mahalaxminetprivatelimited.in,1
hkglobalnetwork.com,1
telemedia.link,1
koping.net,1
ultimum.io,1
aquilenet.fr,1
teletimeinc.com,1
superhosting.bg,1
ftl-stadtwerke.de,1
simplecloud.ru,1
as204035.net,1
server-factory.com,1
host-food.ru,1
i.ua,1
flyservers.com,1
potenting.com,1
di.city,1
as215240.net,1
arvindc.ir,1
assinewebflash.com.br,1
at3.com.br,1
blinktelecom.com.br,1
solucaonetwork.com.br,1
netwave.com.br,1
sinalbr.com.br,1
tvanet.com.br,1
oratelecom.com.br,1
costadosol.tv.br,1
neo.com.py,1
virtualconnect.net.br,1
flashnetpe.com.br,1
maranet.com.br,1
fortnettelecom.com.br,1
wmbrasil.net,1
deltatelecom.co.uk,1
portalrrinformatica.com.br,1
zaaztelecom.com.br,1
infinitynetbc.com.br,1
nita.go.ug,1
covenantuniversity.edu.ng,1
somtelnetwork.net,1
ariskisp.com,1
csc.fi,1
telia.fi,1
biglobe.co.jp,1
vodafone.gr,1
singnet.com.sg,1
zylon.net,1
is74.ru,1
bhtelecom.ba,1
ntte.net,1
wku.ac.kr,1
eastlink.ca,1
uwaterloo.ca,1
vodafone.ro,1
telkom.co.ke,1
kmv.ru,1
aceredc.com,1
primenet.in,1
dongfong.com.tw,1
outremer-telecom.fr,1
hipointinc.com,1
nayatel.com,1
syseleven.de,1
ipnet.ua,1
purevoltage.com,1
nlink.com.br,1
dfw-datacenter.com,1
ati.tn,1
promax.media.pl,1
nordictelecom.cz,1
telma.mg,1
layer3.ng,1
ktrn.rw,1
cobranet.ng,1
alsardfiber.com,1
chess.no,1
lovit.ru,1
pickup.hu,1
telemach.ba,1
stackit.de,1
vipnet.bg,1
sparkstation.net,1
bisv.ru,1
it-grad.ru,1
caribbeantele.com,1
4vendeta.com,1
one.com,1
internetsuarez.com.ar,1
cwcbusiness.com,1
oncabo.com.br,1
cte.net.br,1
vmedia.ca,1
24shells.net,1
afghantelecom.af,1
nrp.net.tr,1
junet.se,1
laguna.net.pl,1
vigoratelecom.com.br,1
linveo.com,1
uinsgd.ac.id,1
gtel.vn,1
cloudviet.com.vn,1
ooredoo.com.mm,1
netcombroadband.com,1
trinn.in,1
htssolutions.org,1
pidatacenters.com,1
onet.net.in,1
gmdp.net.id,1
pollyit.com,1
balikpapan.go.id,1
bvs.net.id,1
urbanaccess.net,1
jetorbit.com,1
umg.ac.id,1
gofiber.vn,1
cloudbit.co.id,1
evoxt.com,1
racemedia.co.id,1
vpsmmo.vn,1
hosterdaddy.com,1
tetaneutral.net,1
freepro.com,1
didi.ir,1
gandi.net,1
flexcloud.ru,1
hiper.dk,1
serverdiscounter.com,1
alcort.es,1
isxhost.com,1
access52.ru,1
multisoft.com.co,1
avanzafibra.com,1
xor.sc,1
chociz.com,1
bigd.host,1
bestdc.ch,1
skoali.com,1
talklink.com.br,1
signalbr.com.br,1
alaresinternet.com.br,1
amazoniasat.com.br,1
bbhost.com.br,1
infomaistelecom.com,1
bixnet.com.br,1
acessonetfibra.com.br,1
cdenet.com.py,1
linkvale.com.br,1
redebrasil.net.br,1
mdstelecom.com.ve,1
hrcnet.com.br,1
webinfinity.com.br,1
allrede.com.br,1
mezobyte.com,1
nextarray.com,1
netinformatik.com,1
elisa.fi,1
elisa.ee,1
belnet.be,1
hkisl.net,1
telkom.co.za,1
atlantic.net,1
telekom.mk,1
plus.pl,1
moldtelecom.md,1
trueidc.com,1
gnet.cc,1
jcom.co.jp,1
ocn.net.cn,1
tokai-com.co.jp,1
distributel.ca,1
smartcom.bg,1
leon.pl,1
uk2group.com,1
vodafone.com.tr,1
pyur.com,1
securedservers.com,1
wavenet.co.uk,1
bracnet.net,1
drei.at,1
onatel.bf,1
e-commercepark.com,1
digitel.com.ve,1
telered.com.ar,1
lpnet.com.br,1
omantel.om,1
sprint-bg.net,1
sbb.rs,1
relyantcommunications.com,1
wavecom.ee,1
inetcom.ru,1
isatafrica.com,1
rnu.tn,1
trueinternetgateway.com,1
dreamscapenetworks.com,1
gblnet.net,1
tevia.ru,1
beeline.uz,1
tvsatrm.ro,1
iwacom.pl,1
trabia.com,1
farahoosh.ir,1
awn.co.th,1
btcl.com.bd,1
awmbilisim.com,1
23m.com,1
fastnet.kg,1
proservice.ge,1
info-lan.ru,1
energieag.at,1
hitme.pl,1
websupport.sk,1
1telecom.com.br,1
microscan.co.in,1
bitweb.ru,1
auspice.in,1
dimensionet.com,1
kamalink.ru,1
nbstelecom.com.br,1
wjhtedu.com,1
readyspace.com.hk,1
starbroadband.net,1
gazonindia.com,1
hireachbroadband.com,1
iaxntelecom.com,1
digiwaynet.com,1
gftfiber.com,1
tlsoft.vn,1
tgnnetworks.com,1
myanmarapn.com,1
centro.net.id,1
cafe7040.com,1
7startelecom.net,1
universeaction.com,1
wifiwalanet.in,1
bnpt.go.id,1
orelcloud.com,1
sislab.ru,1
oblakoteka.ru,1
inalan.gr,1
interfibra.es,1
gohost.kz,1
atrinnet.net,1
serv.host,1
gencbt.com,1
lws.fr,1
gnet-host.eu,1
poyrazhosting.com.tr,1
nexgencloud.co.uk,1
onlineserver.com.tr,1
ateky.com.br,1
internexa.com,1
provale.com.br,1
enternetprovedor.com.br,1
patagoniadigitaltw.com,1
dbstelecom.com.br,1
fourlinktelecom.com,1
itlfibra.com,1
bantelperu.com,1
copatel.com.br,1
x99.cloud,1
metrofibre.co.za,1
netone.co.zw,1
vingn.com,1
scottdatacenter.com,1
0x7c0.com,1
